source_id,RA,DEC,Type,Period,A1,A1_error,A2,A2_error,A3,A3_error,Phi21,Phi21_error,Phi31,Phi31_error,Fe_H,Fe_H_error,E_BV,E_BV_error,Distance_modulus,Distance_modulus_error,NA
5980041433343946112,256.63702170542075,-32.78769118325173,RRab,0.3985077969891549,0.26918954,0.009116668,0.13026515,0.014189292,0.063076675,0.012845559,3.9714396,0.084171675,1.9768214,0.24881783,-0.7235061572898099,0.4512381641870892,0.5462,0.0097,15.000443524041144,0.6259292445769656,
4040899845642772992,266.2672415082946,-36.55141456842809,RRab,0.4698925050424323,0.17320377,0.00392837,0.06798576,0.004638003,0.04201402,0.005555738,4.389615,0.08473211,2.8262367,0.13074702,-0.3212409049854993,0.4335665038981633,1.2004,0.0389,14.205469053395944,0.6025454441506172,
4041731454386717312,266.33028173682385,-34.389106059542506,RRab,0.43014148069133,0.24749048,0.004701284,0.08847975,0.0042087045,0.036634706,0.003215484,4.503188,0.070671715,2.836143,0.14837997,-0.0913107978368817,0.4303974169249341,1.1131,0.0131,12.68813442339433,0.5768399947774423,
4040140632990620288,266.3489134408378,-36.731568749888815,RRab,0.4256615999328907,0.21141592,0.008904228,0.09376042,0.009316724,0.045001566,0.009353793,4.3513165,0.06793198,2.8006468,0.19644873,-0.0998138876275435,0.4623024347966999,1.0402,0.0546,14.664387688535712,0.5867316992372194,
4040067760223490176,266.59486851832605,-37.20029864826761,RRab,0.4666527395884149,0.08687895,0.0029914165,0.037831612,0.0034060632,0.026403366,0.0034495387,3.948869,0.08346475,1.9222422,0.18640392,-1.1530150367157028,0.413585368053659,0.7179,0.0295,12.646304810280396,0.7196944436274763,
4068884104490434560,266.97667252431654,-23.014797640633223,RRab,0.3836841625096117,0.31028342,0.0036190064,0.12985264,0.0031747015,0.06337362,0.0043121222,4.086127,0.029634465,1.8431488,0.049791295,-0.7668872299283448,0.3555566485109445,0.9737,0.0378,14.841944224379937,0.6517717678809732,
4068929321923780864,267.48569612916776,-22.46548144871161,RRab,0.4055310617663205,0.24848363,0.008099284,0.11951118,0.0111442,0.082001686,0.010665274,4.372866,0.11957144,2.4788659,0.26490742,-0.2905634468030785,0.4529099958959455,1.259,0.0551,14.548612765104862,0.5971220335609317,
4040646309540271616,267.6418680005955,-35.89719662394744,RRab,0.3656858674525191,0.30088344,0.031547774,0.1296413,0.023273332,0.048392452,0.022845155,4.0480127,0.105476715,1.5835525,0.57173365,-0.9110172143614812,0.668481429111847,0.5171,0.0224,15.225501220021211,0.7343554907778217,
4043409141755979392,267.7631801667781,-33.15199974431605,RRab,0.3995211935696273,0.25644916,0.02931716,0.10966325,0.022147818,0.062151343,0.021797827,3.7934246,0.3192089,1.8334252,0.59693635,-0.8639229363114315,0.6435524208641725,1.0695,0.0408,14.4029684221672,0.7345832896359114,
4040379158165263232,268.35766300779204,-36.30824017192158,RRab,0.3388028051504331,0.30474785,0.022902917,0.15404412,0.015389402,0.08298815,0.018631311,4.212321,0.091865115,2.1419811,0.26953837,-0.2368933345849037,0.4256525079732645,0.5286,0.0123,13.391133533683773,0.5756710009874174,
4056482090121353344,268.5434594938063,-29.79145986402558,RRab,0.3618790707484661,0.28958562,0.023137175,0.15725581,0.021717407,0.0810372,0.021038014,4.0718756,0.19490887,1.8791053,0.33685255,-0.612069860653987,0.4933981344247243,0.8493,0.0213,14.705632760983116,0.6382467331016954,
4056302152498717440,269.2232259733412,-29.908417871466025,RRab,0.391386420216109,0.23209743,0.017570466,0.10960707,0.018916419,0.0875637,0.014087546,4.244172,0.22771567,2.5651195,0.30707607,-0.1309823021994044,0.480974774670231,1.4081,0.1718,14.019338444615835,0.7133743791800076,
4062581562109525632,269.4866219183868,-28.742723016107657,RRab,0.4737697282446719,0.11933668,0.0017291605,0.01855956,0.002125174,0.009892727,0.0025527712,3.7163496,0.19863927,1.4091418,0.24179171,-1.6748286997579291,0.4154721111377252,1.0812,0.0418,11.76005983593222,0.8741613009262348,
4062468621768558208,270.5317977707773,-28.671702496137463,RRab,0.3625030115340566,0.28880242,0.0502065,0.20219232,0.09392273,0.15776253,0.080031715,3.5088596,0.43313593,0.27254313,1.4244658,-2.125701171814014,1.397148772290011,0.8079,0.0286,15.089584928107923,1.1870248846223477,
4063204573036833536,270.66880415291524,-27.04748987287475,RRab,0.4720396783630911,0.14459333,0.0108641675,0.084202796,0.013687979,0.04808648,0.007585279,4.577134,0.15791278,3.0626085,0.37251484,-0.1109682249151554,0.5622516025558477,2.51,0.0677,11.932787102976246,0.6379613878429911,
4062397084851242368,270.94495756354155,-29.065078366717337,RRab,0.4397750232216367,0.17559719,0.0037261231,0.07139504,0.0056868084,0.027393624,0.004126109,4.6334133,0.08477858,3.2380667,0.26225737,0.2330313191199163,0.4877391936314099,0.7809,0.0502,14.890480830646425,0.5776196808950337,
4042881788429413376,270.94892949207866,-32.77751273710098,RRab,0.4258975687681158,0.11199554,0.0025064475,0.02994713,0.0025487195,0.011645231,0.003450931,4.4273787,0.10275808,2.561826,0.3728282,-0.3256150666630429,0.5253718819914553,0.6458,0.0289,13.569707418665653,0.6106797882867053,
4049989302163990016,271.2859909032787,-30.304711175362648,RRab,0.4853554294971714,0.13410607,0.0033682066,0.0382143,0.0030788379,0.018503217,0.0047843265,4.5151434,0.105521485,2.9489238,0.12581739,-0.2917342617093011,0.4446522475637889,0.7475,0.0302,14.352092593278604,0.5841070196449464,
4049896981837486848,271.3838204231236,-30.732706196852167,RRab,0.4089008300452267,0.28090018,0.018332569,0.11698793,0.013164991,0.03771686,0.01707907,4.101079,0.095301524,1.9523863,0.24045813,-0.8041564847510082,0.4220118220934146,0.701,0.0221,14.69017681573028,0.6672673395857404,
4042813206410619392,271.81359940773586,-32.44157196784978,RRab,0.4417831241495114,0.18642338,0.008737354,0.065413564,0.008048525,0.03359675,0.0075721517,4.5733676,0.15829197,2.6871727,0.26759598,-0.2959540010297877,0.4847991617259984,0.6047,0.0254,14.389891920288342,0.5937221862670242,
4050139419878108928,272.0058828570726,-29.520512477887777,RRab,0.4736136529765272,0.17631117,0.0014667594,0.0567623,0.0020155315,0.015718695,0.0018722429,4.589197,0.033931997,2.584321,0.10251452,-0.5692940340197258,0.4053667199870635,0.6364,0.0343,15.057106929525526,0.6257289631041498,
4050766725570896512,272.33496126632986,-28.53475981294613,RRab,0.4521400114411742,0.19082503,0.009908298,0.053040326,0.011865251,0.027006656,0.0045243623,4.5440936,0.119756766,3.015384,0.40703636,-0.0449161034985169,0.585195515287112,0.6739,0.0431,14.443791108979584,0.6124729672346646,
4064557904256241408,272.9006976646897,-26.555647012578724,RRab,0.4306094392048158,0.17998058,0.009745895,0.076394565,0.010633473,0.04675906,0.01864768,4.4229918,0.21599552,2.3938897,0.32296348,-0.5096260695867277,0.4915660374138709,0.8309,0.0227,14.061083899484284,0.6098139292493377,
4065350888345052928,273.46369830723086,-25.04479873081548,RRab,0.3824845693246791,0.31804276,0.0072970283,0.15619199,0.010214782,0.07091403,0.0070590856,4.1197605,0.06867126,2.1996224,0.16226754,-0.4251443037519692,0.4022516182381825,1.0504,0.0475,13.623113005050552,0.6079171709870852,
4052447604008002688,274.06559449496626,-27.162176004972213,RRab,0.4592902551779251,0.19285445,0.0019236474,0.07957476,0.0028910427,0.027246969,0.0029938393,4.4508066,0.022530314,2.9825413,0.056916445,-0.1154720942374848,0.4294514071808611,0.4482,0.0297,13.157135986386496,0.580873418330106,
4052156096050208768,274.6214708579248,-28.071659170282576,RRab,0.4054091824583598,0.16506194,0.01029429,0.04617596,0.012290843,0.03549935,0.0070573715,4.106912,0.18546481,1.9020425,0.31541613,-0.8321010126438967,0.4742194970663068,0.4135,0.0269,15.095488283540291,0.6683123712768763,
4052730698203088768,275.7574125772602,-26.69635185554467,RRab,0.4051005011584361,0.289573,0.0056096935,0.096661255,0.0073400666,0.021294806,0.004438549,4.251455,0.055348586,2.6606905,0.4027846,-0.1172587114293207,0.5565235392090745,0.3642,0.0117,13.44446123920021,0.5858485006124655,
4059928651051561472,261.29430296329895,-28.0940352061676,RRab,0.436610516236716,0.21640319,0.007946451,0.092031814,0.0068472056,0.04354619,0.0059447573,4.1092796,0.06826529,2.1603873,0.2035467,-0.7624243031137737,0.4350026987356951,1.2867,0.0303,14.186723604871858,0.6414311234041072,
4061617187328993408,262.6275562857259,-26.78089207428673,RRab,0.407250184723531,0.28972098,0.012486183,0.09164047,0.009938744,0.032402553,0.009536703,3.9837961,0.07027805,1.982015,0.15295367,-0.7671444252155971,0.3988897387914175,1.9295,0.029,13.107152439060368,0.646074260652383,
4058385967509714176,262.84350802230125,-30.803562659606342,RRab,0.413096812117765,0.25342447,0.017152138,0.11051392,0.012144614,0.055869427,0.016844211,4.503317,0.13955614,2.5890503,0.34021977,-0.2289800252535959,0.505128242438495,4.64,0.4186,5.956400407071008,1.2145990404054243,
4061154434689766272,262.95756078567064,-28.0619847406226,RRab,0.4012776327923029,0.24908392,0.01339226,0.10429126,0.015784198,0.044121373,0.015894454,4.3752832,0.12365654,3.0288033,0.27037692,0.2499842400027186,0.4959742709825848,1.6278,0.0772,13.76142661279924,0.6094067681815992,
4116623731211336448,264.1533942253404,-23.205790617092724,RRab,0.3929612245005613,0.25935334,0.0028321052,0.09778904,0.002764289,0.026470518,0.0026278512,4.160593,0.033195183,2.025344,0.1364694,-0.6471114359781153,0.3820343991232317,1.1654,0.0385,12.162637802073872,0.6292948237000918,
4060484209318658560,264.68556450567263,-27.76661642123633,RRab,0.370677078310378,0.25893587,0.026316876,0.10931106,0.026505856,0.08762465,0.03675274,3.9429665,0.32384643,2.3131332,0.28595057,-0.2529125766225982,0.450591645293956,1.4404,0.0258,14.549775121454326,0.5842581453981118,
4054091790443328128,265.0283994174865,-33.2720775495751,RRab,0.3559212019666701,0.29380605,0.038387798,0.18457346,0.03605256,0.12857136,0.036585122,3.9238517,0.17218485,1.6581458,0.49823025,-0.7867056189150191,0.593037739328025,2.662,0.0413,11.889237573296205,0.6938409499014523,
4040943173292732416,265.2624777177533,-36.54160710680869,RRab,0.4252143431922791,0.20095953,0.0050071734,0.086330876,0.005933047,0.054737054,0.00537067,4.5582075,0.088252604,3.0226617,0.1473478,0.1113623932828514,0.4494543014088726,1.4537,0.0395,14.1495313298808,0.5659204554158458,
4068214742522919168,265.3238498144577,-24.59357089037439,RRab,0.4353239070170986,0.21623254,0.009231263,0.10498618,0.011844124,0.04683819,0.011219872,4.3868847,0.096178934,2.5649216,0.25768188,-0.375021379944897,0.4548715948096482,1.1257,0.0312,14.98445578638457,0.6102699859982675,
4060659929366055168,265.38775667091306,-27.783436153200743,RRab,0.4465727272032082,0.062239844,0.0018537265,0.03293479,0.0022211387,0.02382341,0.0027354278,3.931488,0.10420007,1.8129653,0.13598101,-1.1442912539778058,0.37936332398199,1.9556,0.111,12.091063951113783,0.7916066699679031,
5962405649113750144,265.4044507034892,-37.10935391689888,RRab,0.4801993976172873,0.15558197,0.012153047,0.0685575,0.008431273,0.027964571,0.0074724266,4.62181,0.15357839,3.2183795,0.35466886,-0.0098299267759446,0.5477644288164606,1.2147,0.0446,14.517817179497266,0.5818387567683043,
4067947801664814720,265.47313449525285,-25.50601349896465,RRab,0.486435365887619,0.13844284,0.014051157,0.051816154,0.010045264,0.025365556,0.023101076,4.7046275,0.16613273,3.4758952,0.37638435,0.1976252073237147,0.5860795352428843,1.6187,0.0274,14.621978741949356,0.6065192736609939,
4116496565805943040,265.48182518335483,-23.10768470812859,RRab,0.3941862764071543,0.2920835,0.007989603,0.12291288,0.009471366,0.062250365,0.011522475,3.963009,0.080588065,2.2621758,0.22495566,-0.4312885820597064,0.4253532767485077,0.9836,0.0452,15.674118202976718,0.6137405113342896,
4040940325761256704,265.4875943137572,-36.38321886759266,RRab,0.4243454267831832,0.21172184,0.0063926517,0.051970735,0.0069979937,0.026929548,0.005404979,4.5265055,0.15310991,1.7330747,0.3836621,-1.0960269006466667,0.5211258671489004,1.3349,0.0161,14.371374132181067,0.7369867108138997,
4041351268249603968,265.5154235540035,-35.11485143215416,RRab,0.4387319885017777,0.19063006,0.011110433,0.09506722,0.009264557,0.045218382,0.010626251,4.5844684,0.15816806,2.9937568,0.27996415,0.0091688558151338,0.4803726943622873,1.2852,0.0926,14.390190520371762,0.6182021269986222,
4053835295005653760,265.7100581917901,-33.627590748671366,RRab,0.4791090523632339,0.13561155,0.007771474,0.04900117,0.007883958,0.021558406,0.005944039,4.691346,0.19455142,3.7686753,0.35987833,0.5134995413840518,0.5647693470789774,2.0599,0.0339,12.859734728412466,0.6031723647228195,
5961503087470820352,265.8257879560432,-38.45369790416501,RRab,0.4815349321025345,0.17100692,0.0072144573,0.05931315,0.0055467887,0.02395916,0.005351616,4.4280124,0.13217849,2.6257787,0.31473616,-0.5742868951690666,0.5027862764914062,0.9693,0.0239,14.500082530647338,0.6321796116583305,
4061010604884154624,265.89382946208525,-26.75298505571612,RRab,0.3326445244685361,0.25770518,0.00873817,0.119202055,0.007972737,0.05243462,0.00982123,4.2937202,0.06450896,2.312932,0.1349265,-0.0420210308003753,0.3949535697345871,2.3977,0.0319,9.265986688624103,0.5846003314850173,
4055509640753360384,267.06371282139867,-32.552196423216564,RRab,0.440149615650886,0.13739738,0.03393058,0.102159314,0.019776948,0.08642363,0.032640558,3.66438,0.5628484,1.5100349,0.6840439,-1.3933975608624172,0.7411548454962289,2.9415,0.0979,11.228304317041475,0.9088425796757974,
4068574557738949248,267.2346819037685,-23.515186708808297,RRab,0.4378349878494043,0.19684665,0.0048411926,0.06309375,0.005916716,0.03324306,0.0064641335,4.635649,0.072929576,3.0085096,0.29428017,0.0280148414358062,0.4971342294278023,1.6033,0.0525,13.161351044397971,0.5835836847479505,
4070442898445669120,267.8635194766468,-22.150785984235707,RRab,0.4640329634387773,0.16312815,0.0047756685,0.0709792,0.0051330496,0.038825944,0.004973423,4.5162673,0.111525685,2.9544694,0.22372563,-0.1681817110852143,0.4677217517667236,1.3703,0.0481,13.32017407910386,0.594598956090655,
4067708314269232256,267.87962323850576,-24.368448681955325,RRab,0.3965186879966288,0.23894234,0.020651955,0.12145489,0.020392647,0.060176343,0.02108667,4.0241547,0.20004342,2.5070431,0.3884251,-0.21405820438129,0.5239208446444384,4.5819,0.2639,5.656533897226762,0.909613935915052,
4068613452836484608,267.8915388574912,-23.43411262889776,RRab,0.4470853090936978,0.17647249,0.004531439,0.07418319,0.0047590635,0.03423344,0.0047306824,4.5573354,0.046679847,3.1200652,0.1390676,0.0815378225299771,0.4380154243816283,2.0169,0.0971,11.793069009691608,0.6113713534523533,
4070167268940005760,269.0291143975019,-22.81288976839544,RRab,0.435734290470454,0.17407644,0.038421873,0.06909264,0.035348225,0.059870664,0.041991938,4.2519355,0.399597,1.6375254,0.61999184,-1.24905143611102,0.6756026479649372,4.4502,0.388,8.493692202111085,1.3079275148461835,
4037241809233964672,269.9192156236719,-37.23689444231918,RRab,0.4568661163072578,0.16058654,0.0026800432,0.05792245,0.0026815652,0.017786236,0.0023378571,4.3882084,0.042381253,2.8565729,0.13317274,-0.2204284195052807,0.4410983730079542,0.3477,0.0345,14.771662757461478,0.5928543830264699,
4045712889070146432,273.2329474541316,-32.996909888042346,RRab,0.4260435375040539,0.2373215,0.0052471627,0.079358704,0.0034261611,0.026908759,0.003338089,4.392538,0.062787436,2.1962922,0.120252706,-0.6700269651474992,0.3735328866290774,0.3144,0.0144,14.4947511502413,0.6221784884050443,
4049410099995714816,274.0991753506065,-30.544188595797145,RRab,0.5011794478220424,0.12690349,0.0037666312,0.0345283,0.0030836551,0.019927038,0.0048868796,4.5423584,0.14972286,3.1458712,0.2422027,-0.1944270074123352,0.5124481335930257,0.2655,0.0068,14.737701562075454,0.5840301921763863,
4090449444582150528,274.4834505183748,-22.72089074023755,RRab,0.4335792648390127,0.25312117,0.007187108,0.08304634,0.005759143,0.036017396,0.0067847623,4.1117954,0.06355631,2.0176442,0.24568832,-0.8797793718565209,0.4343954245249836,1.1179,0.0485,14.592609824119828,0.6675377223396463,
4049515279591143040,274.5363767094293,-30.17467223746508,RRab,0.4152635313774311,0.18988952,0.0058573266,0.081243046,0.011479243,0.04204861,0.015187564,4.321363,0.10248635,2.7594752,0.20943299,-0.0808059111447428,0.453626537877198,0.271,0.0025,14.366446655120528,0.5696199612289283,
4068239515901143424,264.97656711427123,-24.65918932113344,RRab,0.3970632497330756,0.20739153,0.012523068,0.08527186,0.011050037,0.078340486,0.008352326,4.317452,0.21245526,3.116146,0.20847525,0.3554762039814304,0.4664404254332013,1.3333,0.0513,15.572934862885202,0.597392225573954,
4053834195493302144,265.76404423415653,-33.67599728024732,RRab,0.4664868700355141,0.174344,0.006602342,0.060572125,0.011093025,0.044879634,0.011315282,4.5700617,0.26645654,3.1178372,0.21935482,-0.028235160697103,0.4857755078479487,2.047,0.0437,13.905727844995187,0.5852121293328981,
4070627620747280384,268.2137754911341,-21.509385495589232,RRab,0.3762714644186886,0.31329793,0.028680261,0.14640881,0.017882975,0.060769174,0.024024356,3.968835,0.14747246,2.3636007,0.4563206,-0.2365219695237218,0.5809254737117909,1.5092,0.0314,14.017149951466642,0.6107713252287282,
4126391959941481344,254.64403701188732,-21.18567856865713,RRab,0.459863492967615,0.18407781,0.037284188,0.057627574,0.026510691,0.04752655,0.049791005,4.4782505,0.46238518,2.3101354,0.6101545,-0.750715109970263,0.6935434434758214,0.2933,0.0063,17.518677430791673,0.6964898013622092,
4113122954864169600,255.59659541317924,-24.36646371412544,RRab,0.4613663010331255,0.15788516,0.005589118,0.06879873,0.0060243052,0.030058116,0.007204821,4.3335414,0.10407515,2.6469018,0.22121234,-0.4424952787338462,0.4648268637286978,0.2604,0.0067,10.136419278045476,0.6047119223763311,
5978409487601964288,255.8242678226543,-33.8316195340392,RRab,0.3858207529443156,0.2677947,0.0036694405,0.13220504,0.003664975,0.06884784,0.0035766924,4.3014174,0.028255086,2.4673698,0.045935396,-0.1919775668409514,0.3911817435418359,0.5926,0.0087,14.799439118715464,0.5596511591491312,
4111807251733571968,255.906562370584,-26.91801304079417,RRab,0.3717221607740048,0.28706673,0.008060182,0.12868993,0.007170811,0.063279115,0.007840717,4.2092795,0.065666996,2.267159,0.1531787,-0.3019285322957267,0.4062554757252037,0.2552,0.0096,14.314052789042805,0.5864397402181162,
5978423987417346304,256.3174269438402,-33.76260892516281,RRab,0.4150714803884934,0.22676016,0.0034857553,0.106184736,0.0040868497,0.060010787,0.0032841088,4.408823,0.04100192,2.6900895,0.0686334,-0.1449625861561386,0.3981113214384819,0.7397,0.057,14.75360232412372,0.5767489839991881,
5978246485000680064,256.63627045820976,-33.5928637789171,RRab,0.3874492484150261,0.2783402,0.004673857,0.113496944,0.003596246,0.053436805,0.003471459,4.0563517,0.038281593,1.8763945,0.10449042,-0.7565324987033947,0.3780490256978759,0.7914,0.0661,13.92694369963695,0.6557252720343223,
4111970456193595136,256.93620106190514,-26.016748492151933,RRab,0.3498717940580025,0.32076225,0.011389132,0.17895995,0.008723218,0.10265582,0.010314941,3.9694989,0.09263693,1.9122312,0.11812216,-0.5142911290219142,0.3826902613676622,0.4315,0.0136,15.425608516126138,0.6017684554288631,
6028759694053731200,257.0384671774602,-30.37251770163289,RRab,0.3907480323872579,0.300615,0.020091511,0.10509865,0.012004506,0.045900546,0.014718051,4.024581,0.17565821,2.7073834,0.38278803,0.0062888162507183,0.5505493658331605,0.8011,0.0299,15.0028645314498,0.5840125064873671,
6029058422019072896,257.30624328889513,-29.826674389907904,RRab,0.4157341644896783,0.20344275,0.0016624241,0.069218904,0.002102121,0.027406385,0.0017485888,4.43929,0.03257458,2.5675483,0.093636505,-0.263829210917715,0.4047622170196616,0.6705,0.0102,14.62325217905696,0.5792815469278189,
5959702534104606464,259.45363238040426,-41.94374930041634,RRab,0.4199261965978659,0.21900868,0.013382645,0.112735264,0.014960654,0.074548334,0.01589714,4.4703956,0.11834011,2.5303845,0.2577204,-0.322028961118156,0.4734179848184657,1.8283,0.0716,14.696961309113082,0.639437768639058,
4109164506836370944,259.911191648366,-25.857046708465123,RRab,0.429593189696744,0.16916355,0.0052518817,0.065384455,0.0063660596,0.026237298,0.005139482,4.4724135,0.084119424,2.8838174,0.14811128,-0.0434538468169293,0.4338302483881149,0.8654,0.0337,14.17844767710874,0.5716498747807113,
4058949432918167680,259.9415983030902,-30.806456965607943,RRab,0.4134975759335867,0.2135775,0.060308147,0.1086395,0.07136212,0.07747013,0.09140918,3.774308,0.6429462,1.9269054,0.7818645,-0.8536204704314062,0.8393184872171496,1.3593,0.0243,14.102165931720796,0.7612388294682583,
4108355060123132288,259.97182940164464,-26.52814502982319,RRab,0.4160336337557882,0.24596378,0.012352767,0.11095527,0.026186444,0.044016603,0.02617842,4.380985,0.10589109,2.3822582,0.22092688,-0.4396639593446249,0.4518411591704521,0.9748,0.0364,14.364909108616494,0.6071570186780135,
4107865944925469952,260.0432212004174,-28.33107347028249,RRab,0.4562994416791825,0.1680417,0.0026245213,0.05523611,0.0031375831,0.02027696,0.0027269071,4.550075,0.054141097,3.0465987,0.1604112,-0.0386591233194629,0.4570237469198638,1.135,0.0363,14.150689554529448,0.5858391714352604,
4108400719899343488,260.2194911778843,-26.19488058949004,RRab,0.3864082400619116,0.289358,0.0137694,0.13613632,0.016492525,0.06263416,0.012373805,3.9285343,0.16879216,1.8518417,0.393997,-0.7738345343436094,0.5101976698402272,0.9948,0.0169,14.36471386961621,0.6702724423277236,
4108106295643468160,261.0090071182998,-26.92327217843168,RRab,0.3734864160167891,0.32118082,0.03224949,0.110242255,0.025227169,0.107373536,0.04545546,3.8667161,0.41051048,1.7674043,0.2868943,-0.7814895668931797,0.4423792655666703,1.5357,0.0295,14.976349878730092,0.6661858410359447,
4118076770241570432,263.976026034848,-21.33284821196381,RRab,0.4554241276680775,0.15145192,0.0018546182,0.031746406,0.0028387792,0.014855525,0.002123466,4.730756,0.08408832,3.1164515,0.27180493,0.0318605014421701,0.5130076923904521,0.6883,0.0106,13.828058259596194,0.5841676569112947,
5962264907300498560,264.704473757971,-37.87013510996402,RRab,0.3825899862530614,0.2263164,0.014899186,0.11251755,0.013437206,0.06833251,0.016057147,4.2760315,0.15640329,2.5296462,0.27628493,-0.1155069957044906,0.4456255474381603,1.4919,0.0109,13.51185955879726,0.5812979965622092,
4119764554928308608,265.4413182000831,-20.087297998195268,RRab,0.3954051746641387,0.27081543,0.002519192,0.13560481,0.002770097,0.07172255,0.0031273847,4.3753176,0.017691873,2.493365,0.03303709,-0.2207356193859698,0.3991933698900051,0.9548,0.0238,12.948362173428071,0.5689805732084776,
4119859383401389056,267.00041584308804,-19.42504574322772,RRab,0.4115472781111136,0.21790543,0.0031465236,0.10523361,0.002576568,0.06105357,0.002632269,4.4257097,0.042536423,2.710505,0.06710342,-0.1062126935166801,0.4163124914615353,0.9591,0.0176,14.004668954184671,0.569321964126837,
4147932423522040960,267.4913529790886,-16.04691106981441,RRab,0.4287019537203896,0.17121473,0.0087308,0.054124467,0.007571227,0.039420225,0.0076058293,4.3605146,0.13776945,2.9470344,0.25357205,0.0209164928518378,0.482839537617217,0.667,0.0278,14.606349382001484,0.583813748182709,
5957976777592101504,267.7728673474335,-39.6890412434515,RRab,0.4196718080128587,0.22638042,0.011794671,0.111121245,0.007395531,0.059221916,0.010208443,4.3562407,0.10627139,2.4116862,0.17253241,-0.4321935064713654,0.4307545126376341,0.3732,0.0172,15.36754698181198,0.5974218412333996,
4143841901033347456,270.064785224852,-17.47731731436626,RRab,0.4147487200181043,0.15189359,0.006498975,0.06582171,0.006366099,0.027025161,0.0049037295,4.4939137,0.12901181,3.4978848,0.31985912,0.616156315899521,0.5396761850380656,1.266,0.0475,13.440594231548136,0.6131341836655957,
4150319669419757184,270.59108140135635,-13.06011418322607,RRab,0.4770256649867757,0.12477337,0.010285242,0.053325664,0.0061860494,0.019012243,0.0071337423,4.3716464,0.1495125,3.1058803,0.5104888,-0.0979649586766048,0.6385723993454967,1.4636,0.0172,13.365208588429448,0.6184173039611318,
4150979586882191360,270.9547577488566,-11.80991518176069,RRab,0.4182017633696116,0.16834797,0.0037990245,0.07062081,0.005529642,0.030412955,0.005079808,4.4588747,0.08568853,2.8482518,0.18270023,-0.0136630947013446,0.4494364504063588,1.073,0.019,10.234633666516377,0.5780845855714575,
4150847503719621760,271.643657764334,-12.139115065280404,RRab,0.4092388057431999,0.17650141,0.012731455,0.088456236,0.018488994,0.061300404,0.015958862,3.8815622,0.25211847,1.8647279,0.34675887,-0.8884311458747592,0.4956340042368405,1.0496,0.051,15.060845120844933,0.7036494350757273,
4145692688293248512,272.55969252388064,-16.012273122936286,RRab,0.401978007301519,0.27453434,0.009519213,0.13020281,0.012055743,0.06503587,0.010383231,4.289765,0.09560222,2.5379717,0.22701304,-0.2152845425234305,0.4356148188767871,3.0429,0.2602,3.798188271906561,0.8827131063186255,
4154379856625419904,274.4827553844872,-10.81364181555967,RRab,0.4478259966077377,0.20867288,0.009966712,0.07054891,0.007033645,0.055512734,0.013822852,4.482959,0.14432374,3.0168118,0.1495775,-0.0196311891729442,0.4581508488207711,1.4281,0.0338,13.788127132968423,0.5694890140915315,
4090855709822153984,274.65772909415045,-21.51304965989675,RRab,0.4563312582234068,0.1350702,0.0025689644,0.043350723,0.002267945,0.011531211,0.007105106,4.4785523,0.18734007,3.392218,0.21946485,0.2860464368600924,0.4849396190389874,1.476,0.0842,13.217089997679174,0.6177456175602145,
4154041138324370304,275.64138543214705,-11.511087824071073,RRab,0.385171123595644,0.23712978,0.014149906,0.13019699,0.021255037,0.061875325,0.027616473,4.026934,0.2105889,1.4581213,0.52725667,-1.137065713955824,0.6198266573550409,3.9327,0.5197,8.61924519990763,1.51178677908864,
4091436737336354816,275.72654831685225,-20.158850494718617,RRab,0.4031583081429983,0.16866718,0.0065480312,0.059672,0.00712487,0.02118092,0.0049218023,4.391466,0.13966542,2.296546,0.29592806,-0.4487753701936404,0.4742959440428193,1.5655,0.0645,13.09443610365422,0.618624418906197,
4089701600561326336,275.79151805579846,-23.007142794329067,RRab,0.3769684841919918,0.314952,0.015601787,0.13803859,0.0236777,0.06322376,0.01537843,4.219669,0.11684349,2.1490433,0.29082006,-0.4420743852655543,0.4597318062861675,0.7957,0.0427,13.975932627874354,0.6109284107822105,
4096887527484427520,276.15375120677623,-17.336682297189125,RRab,0.4936728215128372,0.1399575,0.0036366198,0.0511901,0.0035682006,0.03148631,0.003855005,4.7022886,0.12986764,3.6814237,0.099089704,0.3506541186037532,0.4817130265939831,2.0299,0.1657,12.538957446790947,0.7338103302383119,
4051135405536554112,276.34246347914126,-29.09598999287532,RRab,0.4652885814710132,0.14073578,0.0017741078,0.047563512,0.0033052214,0.016065137,0.0025858781,4.299849,0.06355648,2.9257822,0.22653073,-0.2021163591641234,0.4819153534076497,0.39,0.0082,13.933243080565957,0.5644818075450039,
4097890492578070272,276.69431706189766,-15.902759192277118,RRab,0.4324674544682146,0.18995918,0.011384192,0.07148813,0.015756998,0.07319202,0.020288173,4.573769,0.33148247,2.7557046,0.32633516,-0.179832048298591,0.5061965414230539,2.5036,0.0278,9.302565373523604,0.6088761582221683,
4104881084475480192,277.55873216835454,-12.83743747421054,RRab,0.3885637429824373,0.29733363,0.040687744,0.119841486,0.037103083,0.074411154,0.040504135,4.298189,0.32648396,2.4880674,0.63169646,-0.1877454175525271,0.6938694185387682,4.5312,0.7024,2.6958665169147062,1.8696311658563736,
4076150570744311680,277.5857443783218,-25.771903781688952,RRab,0.4365116052091528,0.23141693,0.0071268864,0.08370268,0.0052433815,0.03617873,0.0042501744,4.5113206,0.08317731,2.9368773,0.16058642,-0.0319747469107979,0.4469753831733297,0.3634,0.0043,13.908943529135025,0.5573107528166326,
4092819849854296832,277.64803207786656,-19.553213093228035,RRab,0.4576087203139662,0.14765377,0.011117255,0.037512127,0.0052298405,0.025116585,0.012866998,4.2144427,0.30793288,2.972195,0.38271692,-0.1158650977425125,0.5666065267838619,0.8444,0.0381,14.658493827367904,0.5992634304045616,
4091963540839941120,278.3379315266955,-20.418647010447284,RRab,0.3200267887427435,0.27882254,0.025017958,0.1697375,0.024918584,0.11388958,0.030527866,4.2099605,0.12911305,1.4254758,0.3189809,-0.8062014255222264,0.4463651161820502,0.5188,0.0494,14.932519599146223,0.67283381204886,
4047403873583746560,278.7073909440549,-30.20128351069927,RRab,0.3105086696916037,0.2935327,0.01613318,0.12227943,0.015853856,0.069019064,0.026226323,4.341093,0.16769458,2.0549808,0.21101525,-0.1616411647884005,0.4129875302258463,0.1853,0.0059,14.676034726140752,0.5660156212037301,
5864039726835034496,201.4431609658149,-65.25627252755176,RRab,0.3331907292297553,0.27140132,0.012110534,0.14967245,0.01412865,0.08215501,0.009719454,4.194462,0.13431121,2.3391044,0.26625997,-0.0204504112251419,0.4476500613438486,1.0823,0.0318,15.635566315143038,0.5806424817521136,
2934307882678436992,107.18211704996294,-18.41305316629298,RRab,0.4496299368293109,0.16763084,0.0017516655,0.065433614,0.0020540524,0.026518393,0.0015448369,4.542598,0.035693105,2.9736743,0.09574286,-0.0701923074026756,0.4348846383615916,0.8018,0.0878,13.101436046072749,0.6095874008628389,
5712340592847082240,117.9485549240868,-21.28346401606386,RRab,0.3952924732685703,0.22181329,0.0039742556,0.099445164,0.0038358527,0.054079063,0.0018564014,4.353069,0.029073128,2.568081,0.06843005,-0.1498770866405653,0.400803277184879,0.4008,0.0164,13.71363478425936,0.5536752866596548,
5538923312511735296,118.18221187336913,-37.89873970668561,RRab,0.4684418420172506,0.10269662,0.0057530436,0.05509935,0.006458282,0.02978125,0.0065703513,4.118738,0.16410829,1.530279,0.25227594,-1.5313899631957408,0.4142187854725513,0.8301,0.0301,15.477795589694807,0.810639410353048,
5537340806035805440,118.67295759612256,-40.59028498922938,RRab,0.3463587856871532,0.35072422,0.012148274,0.18254055,0.010024075,0.11561301,0.010784374,3.9591317,0.075296625,1.7274489,0.13478163,-0.6684892945637005,0.3730394747317459,0.8691,0.0153,14.935075402477835,0.6404187205421106,
5545448609080597120,118.76774664940856,-35.56435595046797,RRab,0.4218406343996496,0.17967507,0.0025143712,0.08871734,0.0021144063,0.051762626,0.0024413231,4.439102,0.02824666,2.8026395,0.054234527,-0.0767343909180547,0.4074699917401767,1.5861,0.0396,11.491171029457057,0.5777610422241455,
5540331859917136256,124.6214536377026,-38.60236906033846,RRab,0.4449637248171529,0.20109455,0.0069137835,0.09769117,0.0072955885,0.04010174,0.007944864,4.423904,0.07891942,2.9135478,0.15749866,-0.1008137407351988,0.4455679586620056,1.952,0.1122,12.517655847405855,0.6416453275782801,
5312429139869467264,142.51299034337887,-52.464561346247145,RRab,0.2974717277810284,0.26171917,0.0073772864,0.12823862,0.0054136817,0.08420024,0.0052315956,4.1906834,0.06917195,2.3644059,0.1089182,0.2015734568152923,0.3815220177697752,1.7349,0.149,13.869858032091718,0.6722552467006835,
5307694161761823104,147.92237566002362,-55.71565681011155,RRab,0.4188020334078436,0.2069523,0.004771411,0.10662555,0.0061103106,0.059610058,0.0042074015,4.540861,0.03539063,2.8443627,0.11320921,-0.0206503474135318,0.4283730079488855,2.7187,0.0368,9.463242897275787,0.5840478914867684,
5357003306899897984,152.56467642718698,-51.79674671898111,RRab,0.4382522022615235,0.19452693,0.006005311,0.08847256,0.007372938,0.042769212,0.007053392,4.374783,0.086320855,2.6952825,0.20851888,-0.2687341725514559,0.4374755228994231,0.7819,0.0398,14.612615168314408,0.5984749418111586,
5358310424375618304,155.4599101860736,-51.6177455642663,RRab,0.4076418883779506,0.24056412,0.0026457629,0.10813519,0.002059437,0.05552562,0.0023810454,4.3675117,0.021715704,2.5631995,0.053025223,-0.2230049504976262,0.3914679449589073,0.3813,0.0043,12.969248586139337,0.5844018061392235,
5252065646589787008,156.01366442375732,-63.76110674121166,RRab,0.4961196922861323,0.06096879,0.0033907834,0.03620816,0.0038419028,0.023307651,0.0025870018,4.1579337,0.10798229,2.1946003,0.2424057,-1.0605400101880345,0.4429064302805701,0.3954,0.013,14.16570980285265,0.711968825413285,
5357194420074609408,157.56642501952496,-53.11777201316899,RRab,0.5016459544979227,0.10070633,0.00083599513,0.02862791,0.00049229513,0.0068785204,0.0010856724,4.459902,0.04321146,3.1625257,0.086979866,-0.1813608894634709,0.4495635447488903,0.3894,0.0281,14.060302649049772,0.576291198916427,
5350636005017720064,159.12360370792578,-59.02246553244519,RRab,0.4625770937369581,0.16075684,0.009220374,0.056621917,0.008037325,0.03541658,0.005988938,4.663459,0.11200849,3.2621205,0.35649434,0.1290903997598823,0.5343409920243144,2.7406,0.7118,10.431772088067232,1.8434989532242327,
5351350137830893696,160.4010026565522,-56.74974280646578,RRab,0.4797779812562298,0.14938474,0.013276125,0.059894785,0.010201756,0.020434504,0.008632706,4.206239,0.20099506,2.670588,0.4585141,-0.5224150759720753,0.6046086149588754,1.221,0.0698,12.93676522127218,0.683379610311813,
5353795211163335936,160.8066961792763,-55.048945616791,RRab,0.4740184582674983,0.14821675,0.0019413629,0.06039156,0.0025047138,0.029716186,0.0027614743,4.477419,0.037309207,2.8711188,0.09335032,-0.3019507713846153,0.4224488989864888,0.6595,0.0409,13.48956321598769,0.5984882709811666,
5350847381815151232,162.49183179777006,-58.616861131067886,RRab,0.4043852725529487,0.21245366,0.006382559,0.09569048,0.007512583,0.045816343,0.0062625133,4.3836374,0.103650026,2.6071663,0.20148197,-0.1636019406688657,0.4410585132451566,0.6611,0.1152,16.764882943387285,0.6486410904478921,
5340430235017277568,165.00212032653104,-58.0022339815282,RRab,0.323422846338153,0.29829982,0.013400837,0.16628088,0.008368143,0.12341977,0.020379134,3.9906144,0.07411934,2.156381,0.124974236,-0.1379986571767492,0.3818267914712693,1.0016,0.0644,13.80609102400949,0.5663488107134231,
5338086896535299200,165.6904847965379,-60.50267794712292,RRab,0.4893542991811546,0.122136034,0.0025799603,0.036557417,0.00253752,0.01373301,0.002282555,4.4026933,0.06608889,3.612022,0.22207643,0.3093843195445923,0.4968630186410609,2.0318,0.3058,8.885355590527514,0.9453320051604296,
5236533563053586048,175.44152597897275,-65.3923533437187,RRab,0.3786969897657641,0.30320466,0.013749292,0.13886149,0.013471645,0.07553253,0.0097045675,4.2218046,0.07754623,2.219682,0.19639675,-0.3852672131999907,0.4160894854606358,1.2946,0.0248,13.496725219695998,0.5877532275217333,
5236095167152294656,177.66586869092396,-67.09642750840568,RRab,0.3540146919531534,0.32425827,0.010816338,0.1516639,0.0117645515,0.07889438,0.011109705,4.0310507,0.079213716,1.7981148,0.17365846,-0.6445536283400014,0.3877613653791925,0.5366,0.0227,12.6607744159352,0.6270760348846447,
5341271082206872704,179.77647444774482,-60.30514281656879,RRab,0.327778395819699,0.2614104,0.0060659475,0.13954456,0.006429607,0.067880824,0.0064903926,4.1652966,0.03268781,2.4221091,0.05927147,0.0876124572006707,0.3820309891264503,0.9278,0.0197,9.011656711983813,0.5457595211726152,
6058495474924838656,180.77002610672545,-61.45290328163829,RRab,0.3882671337846968,0.28898492,0.011302617,0.14523472,0.010599378,0.07659234,0.011259426,4.0457277,0.059500616,1.932545,0.17334414,-0.708290292505067,0.3996105831505941,2.2231,0.1157,12.23215168190142,0.700344494773488,
6058261863115569920,184.5333816985531,-60.64803735428838,RRab,0.4734085743274704,0.12250618,0.0008791556,0.040972166,0.0010723437,0.016592989,0.001714116,4.4054723,0.04496654,3.0644455,0.08235669,-0.1168388175174607,0.4338489977510053,1.2454,0.049,11.89351446890489,0.5765476212096148,
5860918836115687936,188.13241732481896,-65.71015297145371,RRab,0.4129692863211027,0.20996487,0.0041225343,0.10264555,0.004760221,0.06359665,0.005351633,4.422152,0.063318074,2.615415,0.07035387,-0.2034894390821197,0.4011875057201699,1.086,0.0551,13.699541042942991,0.5759209506586506,
5861524495236828800,191.09630176898204,-65.74756979110458,RRab,0.2968415149134674,0.28611413,0.00979884,0.12981986,0.015080439,0.059802946,0.014197558,4.2044973,0.064639196,2.463128,0.18573909,0.2978699122302563,0.4202731459644406,0.9016,0.0643,13.13613282457553,0.5808745650242821,
6060212259289438592,194.0690523025021,-58.14016797762807,RRab,0.4202099027234269,0.21017295,0.00308665,0.082372196,0.0029232563,0.034505527,0.003379916,4.4575214,0.040313903,2.8566403,0.0829627,-0.0169230781150194,0.4235263009321548,0.4605,0.0159,14.250136461872206,0.5718539997166411,
6055804798176620288,196.92050756470817,-60.84454281064336,RRab,0.460747871096797,0.14908567,0.002138977,0.066244066,0.0013019226,0.033405513,0.001488079,4.5895267,0.040089823,2.9725895,0.06764952,-0.1329165545872234,0.4243142996622744,2.0492,0.1561,11.527322435284422,0.6900641057881394,
5845134934344130176,199.28391188034627,-68.96816419785374,RRab,0.454268185015037,0.17691764,0.0014964488,0.06318696,0.0018373218,0.025729936,0.0017453206,4.4601326,0.026157256,2.6901093,0.0528427,-0.3624856848334555,0.4125622693826885,0.4952,0.0214,12.920667791753369,0.5963089412461247,
5858821792586610432,200.200873701096,-64.84345824220922,RRab,0.4644252969678066,0.12909181,0.0029564747,0.04229422,0.0034157704,0.011120873,0.0031119334,4.5037003,0.06695186,2.768484,0.22748797,-0.3451854381713269,0.4696635353273232,1.0963,0.0547,11.749985122687972,0.5995033250731276,
5844089608021904768,201.8843588998207,-70.10047972487064,RRab,0.459576402721485,0.18118976,0.0012751814,0.08130358,0.0015466803,0.038476758,0.0024298676,4.4120708,0.019336546,2.7022688,0.052932903,-0.3805163631042417,0.3964997014114457,0.3086,0.0026,12.124997981669187,0.578664177970572,
5868676749594637952,202.77498289131543,-61.02329388445482,RRab,0.4861104746001191,0.13941233,0.002315529,0.06086715,0.00248566,0.02858756,0.0021031918,4.6531234,0.03952601,3.307831,0.14039017,0.0414480059693388,0.449512490405364,1.6788,0.0604,12.643521758328584,0.5810533304172812,
5868877822822451584,204.05309464135425,-60.9097832867461,RRab,0.4817727229556958,0.10056793,0.0028384128,0.027397437,0.0027427755,0.01377455,0.003193881,4.6916122,0.1295188,3.7281532,0.1892282,0.4606253955958884,0.5123636205804395,2.6367,0.0946,10.766286689233151,0.6538023586568522,
5870957342919635712,207.3966024352988,-58.167754258680574,RRab,0.4382602601979979,0.18777628,0.007823231,0.095258966,0.013264944,0.035354972,0.010303274,4.447778,0.13798115,2.6771755,0.32236835,-0.2857994740988884,0.4996946994542914,0.6649,0.036,14.492675452747688,0.613465530406292,
5852385968694550272,209.18538667366,-64.08395181498416,RRab,0.469165198656588,0.1590476,0.0035043594,0.039872725,0.002789081,0.018076885,0.003124338,4.688097,0.05506642,3.0066621,0.13745081,-0.1476044785440636,0.4474152711569389,1.6401,0.0539,12.544370653992338,0.5900573157342758,
5852316188429354496,209.6700736878633,-64.41447586910765,RRab,0.4491021065648247,0.13721906,0.00094503566,0.053131483,0.0012190529,0.021272058,0.0012864948,4.4859767,0.025001595,2.8507452,0.04908096,-0.1828162034347767,0.4069355886158188,1.7107,0.032,11.183916336961737,0.578194049486248,
5852395898656803328,209.7174739505153,-64.03531074654549,RRab,0.4623364307906518,0.12993765,0.0027685156,0.045747183,0.002200575,0.021927552,0.0028481702,4.422183,0.059941977,3.143751,0.12107151,0.0191587491118824,0.4402068223177091,1.8472,0.0801,12.616035350248673,0.6031399264215919,
5871166628072391040,211.4839255666996,-57.7539637176555,RRab,0.4564894928405131,0.1667449,0.0038504628,0.07471828,0.0019584275,0.031639542,0.0032420026,4.4637756,0.047232132,2.8511891,0.14141789,-0.2233989312648477,0.4440302357726345,0.6814,0.0229,10.058002300754158,0.5730790478974713,
5852761520629031168,214.15539691252903,-64.8191222827223,RRab,0.4468432975736621,0.18356386,0.0025026533,0.06691552,0.0026761736,0.03205957,0.0032926914,4.5537877,0.04023191,2.995083,0.08341249,-0.0346022815338246,0.4416607340455345,1.0298,0.0406,14.107368838829473,0.5938005863363642,
5853066020958442496,216.5277128134228,-64.40753095317595,RRab,0.4529222024937489,0.17979074,0.0066325357,0.088885136,0.008783441,0.036550276,0.0072892723,4.609032,0.110036045,3.2363992,0.23253219,0.1584970241596931,0.5019437958054326,0.89,0.0403,15.276692833235288,0.5799817438082542,
5891597783156355840,218.66070421064603,-57.46667448257382,RRab,0.4831824881687279,0.14083105,0.011011909,0.05183179,0.0083015505,0.01850845,0.00786837,4.5882506,0.20703977,3.2125337,0.32637128,-0.0318811313364401,0.5406047665669265,1.4872,0.0358,13.586478516774202,0.5913915741152357,
5877718342994530816,219.849099181113,-61.04197155093545,RRab,0.2913803449098072,0.30343705,0.007403162,0.16298698,0.01204423,0.10473278,0.014238591,4.0981646,0.057805423,2.1302316,0.13305312,0.01525678975057,0.3812065156395527,4.95,0.2344,2.16809709886984,0.814624573418055,
5893088209861526400,220.7370075009764,-56.287212411070776,RRab,0.3810037675288775,0.31392908,0.019289678,0.14232786,0.018025506,0.08092543,0.016482124,3.9499574,0.12632321,2.2780206,0.24249256,-0.34323154578527,0.4425862308273046,1.0782,0.0238,14.804893632819878,0.5919680925726024,
5880702692389425920,222.79483584990064,-57.71454783549422,RRab,0.3619460860076974,0.2904013,0.032942187,0.1589169,0.029638533,0.09620017,0.036300093,3.984854,0.17120826,2.0516624,0.40845525,-0.4502381213427203,0.53876849610084,2.6047,0.0895,13.027759473975962,0.6733232944694224,
5874771823619214848,223.78975230027007,-61.79486442881215,RRab,0.4116353476016395,0.1980707,0.0020723273,0.099554755,0.00173532,0.055187136,0.0016732423,4.469109,0.01954769,2.7791638,0.03323666,-0.0421622071890989,0.4152072805686874,1.1982,0.0179,13.562645218012946,0.5660952438707729,
5880150634469217792,226.8961678377885,-57.52329118852023,RRab,0.4994638957805373,0.095843844,0.0034623777,0.028861249,0.0032029357,0.015934281,0.0028781,4.7113867,0.12829405,3.4656725,0.20742698,0.1157075284180179,0.4926568749624884,3.4921,0.2495,7.211868292042953,0.8362349780718913,
5888274577976948480,227.4188831019921,-52.63452005230396,RRab,0.453991053413357,0.17889012,0.003142136,0.081992954,0.0036242954,0.0461059,0.003549561,4.466643,0.06018767,3.0061653,0.10559154,-0.0638549644441311,0.4454394996463902,0.7211,0.0463,13.979288790044356,0.5628429658067603,
5873369976303440128,227.61719202892743,-63.90625447802959,RRab,0.4154212019446663,0.19627841,0.0018439558,0.09792572,0.0024052823,0.05685106,0.0028041988,4.4062214,0.022575596,2.781475,0.0473486,-0.061001170792898,0.4119827866962303,0.9087,0.0288,9.585942127822014,0.5541031095741111,
5888329867129335552,228.68309852538573,-52.41361597365936,RRab,0.41219518440662,0.22992861,0.0052778684,0.09001478,0.004856997,0.04833479,0.0031831039,4.4558663,0.09070505,2.5646331,0.09734325,-0.2469281594567415,0.4134329634109011,0.7133,0.0237,14.559277084647883,0.5794260365166014,
5902119529636885248,229.5157150655672,-50.11491061543583,RRab,0.4628489372508335,0.15733302,0.008544235,0.08857578,0.010732091,0.03394576,0.006885261,4.427199,0.10677841,2.8142958,0.40454286,-0.2933735497421258,0.5519123041269107,0.6629,0.0126,13.601360193927794,0.597949870941983,
5886834836225362816,231.0092168806912,-54.93319477423422,RRab,0.4915382832573848,0.12076075,0.010190862,0.056108132,0.008494045,0.03517902,0.012593649,4.6778574,0.1267091,3.4151387,0.33346033,0.1121929059215142,0.5366791990376711,3.1301,0.2384,10.372377386341975,0.8324911069528639,
5875944177927698432,231.82161914338164,-60.12356902929926,RRab,0.4657275709716917,0.09889664,0.0016232711,0.027638217,0.0013748121,0.009754386,0.001067736,4.629194,0.052481867,3.2963028,0.17530435,0.143736613107111,0.4732886122338219,1.3823,0.1077,12.48915894833001,0.6304293190085939,
5885483575096043520,233.1889604647296,-54.10793087541613,RRab,0.3669797189713208,0.26609,0.033425994,0.17612265,0.033103824,0.076114334,0.03194657,4.093904,0.21126935,2.3314996,0.56909645,-0.2151278162908306,0.6841351270969437,3.0941,0.1093,11.43226718856143,0.6982141841315757,
5882561653000115072,234.65478165219992,-57.68826145289435,RRab,0.3884960333394257,0.23217367,0.0110319,0.14109357,0.014972677,0.0713687,0.018876472,4.2587986,0.101748034,2.6600764,0.19166729,-0.0256811690338126,0.4307896780943993,2.293,0.0925,12.820128727329468,0.6134740979056753,
5881857626254474752,234.9771882954917,-59.24564867065257,RRab,0.3315962558137404,0.26990107,0.0073125437,0.11311297,0.00831682,0.056696896,0.0065431795,4.3420057,0.065850094,2.2932947,0.16312663,-0.0546622017662591,0.4085319350632577,1.2011,0.0589,13.720771816494551,0.5782122336899257,
5833761139434876416,236.7843848044492,-59.56965193771044,RRab,0.4040589344862741,0.28413674,0.018664945,0.114693016,0.018769994,0.04978137,0.023497447,4.0754323,0.13717127,2.026042,0.326146,-0.7080476063988216,0.4666147628439102,0.7298,0.0237,14.50448852979167,0.640042585870919,
5885845207032955136,237.0909234772801,-52.72580000845134,RRab,0.4765348344193688,0.13408308,0.011103625,0.04804233,0.011864457,0.052692916,0.0096581755,4.3616633,0.21794966,3.4061368,0.24358477,0.1870002609725035,0.4984900573269677,5.702,0.1701,4.151577926927698,0.7507683485739414,
5981947544133850496,237.72320171409305,-52.18395213808647,RRab,0.4696001440650662,0.16236176,0.0073377807,0.07673657,0.008668778,0.04048746,0.010223031,4.7723475,0.093533985,3.2397552,0.26937923,0.069089088438882,0.4983567625626995,5.6188,0.41,2.881225255237114,1.2196621521142457,
5982549007043960192,238.4871153660713,-50.59612242407704,RRab,0.3632346717793384,0.30731106,0.03396184,0.1539033,0.02519568,0.13089807,0.02448429,4.055642,0.19252855,1.8330662,0.29023582,-0.6628702003753281,0.4332353309269359,2.2117,0.031,13.17293645610509,0.6460607613046708,
5983350104343702400,241.33238051781896,-49.98514075917044,RRab,0.4169709648467146,0.20923808,0.008368433,0.12155897,0.009946222,0.07205473,0.012379066,4.2188277,0.10153209,2.4988644,0.17358302,-0.3352563188992657,0.4176063124383108,3.8151,0.1542,8.123423169291794,0.7130207775808859,
5829870586232098432,242.65974515320025,-61.02721900850312,RRab,0.4368888397132422,0.18766466,0.002917767,0.080733925,0.0038453736,0.03496903,0.0032038095,4.4273825,0.05332806,2.6704206,0.122437805,-0.2845376964084941,0.4136318072428918,0.2122,0.0065,13.314084354994378,0.5809288995651103,
5933158291897580672,243.31735147925875,-52.964449482304445,RRab,0.4512592443318124,0.13239978,0.00439225,0.050972875,0.004993853,0.02137359,0.004770617,4.577313,0.07881807,2.6872656,0.22824875,-0.3484591420415589,0.4642237762438454,2.8549,0.2932,10.730060159771636,0.9442304410650532,
5835251145126140288,244.2808947608647,-56.91958294099716,RRab,0.3324960312884024,0.27345404,0.0039418903,0.10205225,0.0041692704,0.061858885,0.0028463453,4.297536,0.041714616,2.2929258,0.10185994,-0.0600027216506332,0.3719291644505819,0.5456,0.0222,15.145333162062176,0.5697444347677725,
5992531992846406144,244.784208705056,-42.964067425244814,RRab,0.3765167812877745,0.26853004,0.017228488,0.1327748,0.021460118,0.0537869,0.023116292,3.939114,0.12295383,1.8803318,0.472631,-0.6921562441471484,0.5730504196338976,0.9174,0.0271,14.465043348361204,0.6679363086315229,
5990590869450991360,244.9701171125257,-44.79903121875612,RRab,0.3737475916629904,0.24898334,0.01405964,0.10990931,0.015801309,0.057635985,0.01806616,4.148438,0.15400201,2.1774535,0.3832584,-0.3974928437295969,0.5349345961945167,1.4286,0.0346,13.291098396244289,0.6158017774903047,
5990359387894300544,245.2907880925648,-46.34066916878794,RRab,0.4696484352875624,0.13474366,0.0065549924,0.057338398,0.009200644,0.027942162,0.0073811845,4.800508,0.18083128,3.1558752,0.3249793,-0.0100261278459713,0.530113680096114,2.1857,0.0991,12.897522115796871,0.6406861836515734,
5992931321712867200,245.94563071090943,-41.80836783239008,RRab,0.3909481900228619,0.27081296,0.0039845337,0.14210035,0.0053164735,0.078452766,0.0053983964,4.350305,0.024541188,2.4285858,0.046774536,-0.2568918026268839,0.3918304659145075,1.2676,0.0292,12.373385104735528,0.5978592777206609,
5944575448835608960,246.98225957120937,-43.04310674389824,RRab,0.444643244124695,0.17789632,0.0065078074,0.08138162,0.00706041,0.037481014,0.0036547044,4.695622,0.083986886,3.2720063,0.21581341,0.2379159171079427,0.4765638528929966,1.561,0.0612,12.886665543209777,0.6047128931298161,
5930504380057532288,248.42258209718105,-54.19782796547047,RRab,0.478573178295315,0.124305144,0.0027998895,0.03482561,0.0024334912,0.014385641,0.002795155,4.4811454,0.09028428,3.0684757,0.17535864,-0.1417139815389981,0.463724011215654,0.4723,0.0182,15.503871114830918,0.5689131406052703,
5934266226023858048,248.60642614601144,-50.91460625334994,RRab,0.4032356835950723,0.23552832,0.0036944319,0.12173015,0.0041654515,0.070661165,0.005790988,4.4139895,0.030411096,2.660271,0.05533029,-0.1073033039526513,0.4087009570482153,2.0607,0.0938,10.535922725106742,0.6229111812658905,
5928462522546748928,249.6154881193811,-56.93962836320919,RRab,0.4839840333906223,0.12168705,0.0015068455,0.03708011,0.002283344,0.012927999,0.0022594307,4.362606,0.04296831,3.014345,0.15217808,-0.2226270853179536,0.4560499144634086,0.2874,0.0091,14.681932183889028,0.5769146858454385,
5968570301536687488,249.6190603425762,-41.94476257458561,RRab,0.3620737927263893,0.2643173,0.015962692,0.10630117,0.018279819,0.047551867,0.020004228,4.100429,0.20793706,1.9863371,0.37058163,-0.5123526756314604,0.491471628307386,1.372,0.0657,15.535334749176808,0.6496493368116522,
5969244164768160640,249.6915555139064,-40.74066399226404,RRab,0.4434947312690721,0.13476172,0.0010636387,0.050223246,0.0012870994,0.019123092,0.0012735621,4.4753966,0.031898614,2.9345899,0.056430247,-0.0728812525433498,0.4294674723350297,1.0145,0.0181,10.882616750712138,0.5775199949340333,
6019142407624043136,250.24420260796376,-37.980385936313695,RRab,0.471478118072134,0.14621559,0.0013403051,0.056451183,0.0015605846,0.020401578,0.001722594,4.478899,0.021347178,2.98874,0.10444851,-0.1772879553003438,0.4316518883625217,0.7262,0.0289,10.195870427484095,0.5833129714318283,
5970761933158341376,251.87248335945813,-39.192208452087854,RRab,0.4624697324176504,0.13652106,0.004021608,0.04329155,0.0051691053,0.03204225,0.0043503223,4.5409546,0.14553365,3.276245,0.14350803,0.1429632850820402,0.4562106111929686,0.9202,0.021,13.985935080177027,0.5690740093166,
4107201565028879104,281.4071126131017,-10.183370255644975,RRab,0.4220918099400986,0.2185678,0.014673699,0.09124444,0.015446164,0.054088455,0.020933222,4.1438103,0.19459902,2.0231752,0.3876971,-0.8108248571675473,0.5098228280381822,0.754,0.0309,13.660971960006911,0.6782535018000918,
4202307229228712832,284.0887313841792,-10.46787626121233,RRab,0.411779353258266,0.2106036,0.0026128835,0.08451823,0.0024385748,0.03135998,0.0027234002,4.394471,0.03459321,2.7110193,0.08168248,-0.1070172685833762,0.4166157896879673,0.3538,0.0125,13.182271035203344,0.5806204329862386,
4205597792627391232,284.64843655749087,-7.23807307704057,RRab,0.4625244892585074,0.18324691,0.006800468,0.06806809,0.012032464,0.023247285,0.010582978,4.4515853,0.10295645,2.887515,0.36534235,-0.2227468153847164,0.55870742846656,0.3732,0.027,16.212670908307718,0.5951235318105995,
4254711465230487168,285.04099713325394,-4.313425137323995,RRab,0.3414995335853469,0.33649075,0.02963692,0.21364133,0.040615875,0.09163801,0.04526135,3.973681,0.3871842,2.196194,0.5509881,-0.2009000513986752,0.6499596133097575,0.9543,0.0338,11.490561214391628,0.6519516611356317,
4262122341066421888,286.8904869475564,-1.975945166086363,RRab,0.4239954231044272,0.19825582,0.008069593,0.08401866,0.004598604,0.04379074,0.0062849172,4.4140596,0.105261855,2.6637213,0.16277258,-0.2192765762295708,0.4216921034816562,0.5624,0.0052,13.34869904134428,0.5670622513100123,
4204172138365621888,287.2092122847212,-8.955328295267503,RRab,0.457266908298449,0.19113213,0.010629417,0.08687377,0.009442226,0.035053354,0.0089346245,4.496294,0.12015471,3.1352737,0.27992302,0.0393259369436079,0.5094211535343199,0.4366,0.0138,13.68205413765579,0.5707940685455847,
4268130214372664832,287.3749548249889,2.650772734052167,RRab,0.3888236580881568,0.2410644,0.008720437,0.098430365,0.012971808,0.03212305,0.009875674,4.3222065,0.111522876,2.4115143,0.31630403,-0.2611478603892702,0.4875865735622151,1.0127,0.0244,14.885334200908996,0.5871697925804725,
4293192203203035520,288.3570063901124,4.650689583571437,RRab,0.3170418194177308,0.2665082,0.011792229,0.12791035,0.0073868674,0.0626724,0.007622785,4.3148026,0.050550893,2.3154314,0.13499615,0.0469234182315939,0.3856256214356526,1.5814,0.0997,13.045948042895157,0.5954471402157753,
5284701896154248064,96.19757994419248,-65.4398996933238,RRab,0.4064039991481401,0.3071454,0.008961848,0.11672554,0.011244212,0.059650008,0.0069172564,3.6497717,0.10402455,1.6642708,0.2161579,-1.0611276432721777,0.4049857839501988,0.0695,0.0015,18.948056740116208,0.6994440982279649,
4499139802052133504,267.5108404608749,12.593047223210718,RRab,0.3451769966298279,0.4011604,0.008697963,0.20891337,0.0053364593,0.116169095,0.00998183,3.9892766,0.020341754,1.987606,0.042722568,-0.417382691295545,0.3661901375347792,0.1195,0.0048,14.470271153562752,0.583353067324995,
5817762454919168512,253.1357840256873,-63.41548535117428,RRab,0.4040236770549303,0.28400636,0.0014159707,0.09690367,0.00204596,0.032090627,0.0016478559,4.235415,0.017589053,1.9277865,0.05855046,-0.8002120976548633,0.3622033702101526,0.1411,0.0036,14.359313787343362,0.6466455554565875,
2013120651332839296,344.37314416978506,57.74775152496076,RRab,0.3771881631147813,0.30774662,0.013774597,0.1727631,0.011877586,0.08668913,0.012450788,4.02522,0.09335445,1.9842786,0.20261264,-0.5981724212870362,0.4278933284810816,0.9412,0.0196,14.546426077960373,0.6258067117279953,
4320511291928228480,288.56393505826327,14.734231973894468,RRab,0.4813397453053419,0.096656054,0.0026853601,0.013587383,0.0024586301,0.006996572,0.002852668,3.73083,0.16035526,0.71262026,0.46136838,-2.3715725420446474,0.5271142428494325,2.0962,0.1363,12.4502881117725,1.1655189806756483,
4201258565672345728,287.9320667210506,-8.78337275965344,RRab,0.3503180928809194,0.32701144,0.034776013,0.17309353,0.032456316,0.09166619,0.043681473,3.9842904,0.19219367,1.8295293,0.43701217,-0.5945078734891031,0.539382086901183,0.36,0.0198,13.960943204576948,0.6327613017451169,
3840309342310092928,144.7112702785829,0.1175075981807158,RRab,0.3794824797308094,0.30233443,0.0038470745,0.11053327,0.0045257015,0.03746818,0.0060851993,4.2071223,0.054965317,1.6314268,0.12915827,-0.942586570505992,0.3659137732333468,0.0848,0.0115,17.742585439741678,0.6883096893308859,
1825453326676558336,292.69687903142574,19.346409015717924,RRab,0.4155456515474565,0.25648138,0.009404285,0.10918374,0.01004467,0.05757976,0.0104446,4.108876,0.1308877,1.9253013,0.2588085,-0.8664951440883834,0.4468777253532653,3.6997,0.1902,6.989077440344746,0.8710820575714585,
2035406446387785088,297.5512843328623,34.32402795159,RRab,0.334337151558744,0.3239801,0.009634486,0.19098765,0.010495059,0.11719631,0.013206275,4.0821543,0.06111745,2.1912477,0.17529005,-0.1657983531510293,0.4070341885396596,0.7065,0.0222,11.014395538882289,0.579103237247533,
3406613582100606464,74.12885984359318,18.25996085153568,RRab,0.4276557387032293,0.2706263,0.0017936159,0.097441345,0.0021088298,0.03267567,0.0017768537,4.139009,0.023343014,1.8460904,0.07209665,-1.008164373802923,0.3608086315646494,0.4344,0.0128,13.67097362466482,0.7056993348764029,
1829861131336005376,303.00029390567926,22.39949789022411,RRab,0.3877200107806662,0.27038363,0.0038057046,0.12569036,0.0037202293,0.06991256,0.00451374,4.307853,0.02690328,2.3715277,0.04029743,-0.2926100218326976,0.368102935136336,0.4033,0.0144,13.478045506113157,0.5761488588890952,
1238133522616138752,223.3247156609501,20.94877368777588,RRab,0.4109352386993339,0.2663204,0.0023157457,0.077814184,0.0029499212,0.023662692,0.0029677893,3.9308069,0.028948413,1.9866645,0.11452955,-0.7832259447813029,0.3865454999187495,0.0364,0.0008,13.270430864538763,0.6331661179031965,
4012192151085101696,189.04868894197568,30.695961504141447,RRab,0.3990016547265467,0.2846498,0.002762743,0.09057479,0.0024196713,0.02351574,0.0027478952,4.262874,0.03159947,1.7769777,0.10935377,-0.914100145732334,0.3674073519644991,0.0185,0.0004,15.953826040805057,0.6702681149000395,
2060843746646150016,303.5820033352542,37.6235395195456,RRab,0.3839556718140919,0.28487378,0.012743618,0.13159882,0.012337809,0.05989656,0.015259163,4.028405,0.12091035,2.1836734,0.2908386,-0.4483009825682099,0.4593045041295294,2.4474,0.0888,11.4554408751191,0.6459601450658687,
5754832555425713536,126.83798268180938,-7.284791165819114,RRab,0.3716516216556784,0.31418905,0.0033493973,0.11053476,0.005456223,0.037667993,0.0067186174,4.0765796,0.036479525,2.026917,0.21378882,-0.5273645201890153,0.4093525737189237,0.0443,0.0017,17.720275265652923,0.6070975611719602,
4264510656445532288,290.1005023165211,0.9386732052163984,RRab,0.5056845844000959,0.110178255,0.002938153,0.03269509,0.0032486073,0.009925698,0.0020090353,4.5310225,0.072382346,2.5870788,0.40401563,-0.7446953714205325,0.5541533151704294,0.5131,0.0184,13.689703603997748,0.6766424581796584,
6374580947372841856,306.6560544483362,-71.15105968444604,RRab,0.4097446074003278,0.26018953,0.0019020519,0.07437126,0.0020265032,0.024058774,0.0025534031,4.3473816,0.040690597,2.1271746,0.09158244,-0.6445384470718193,0.3902885529234883,0.0498,0.0014,15.03035596518011,0.6266241082944303,
3470444763281958912,187.71014413908333,-30.79217432153117,RRab,0.4001768169431698,0.30267093,0.006871885,0.10613788,0.0071005924,0.046401333,0.005906097,3.8334625,0.08938613,2.0755384,0.16691366,-0.6399752380345926,0.3965705071695569,0.077,0.0018,14.213830066649685,0.6117352971641402,
1103886000427951744,96.66810429249188,65.68026441415715,RRab,0.4015042696234654,0.31704926,0.0040124343,0.1204306,0.0044635707,0.03628704,0.0033521499,3.8601413,0.040161658,1.9404544,0.120928556,-0.7743215604102333,0.3808566162753652,0.1305,0.0108,18.225540036914868,0.6291156902340634,
351518849563264512,33.78306139575248,43.47814604969472,RRab,0.4651162701693902,0.21229053,0.004365513,0.044662587,0.0038190684,0.019604214,0.003724701,4.741337,0.071065344,3.1269102,0.21502568,-0.0120997114401152,0.4736293591062966,0.099,0.0017,17.349607919203233,0.5605199519214225,
5388692400237900288,167.11439398589758,-43.60292124997903,RRab,0.3837671622221574,0.3071625,0.0021509295,0.1234679,0.0035308474,0.033644643,0.0029905757,4.054395,0.023570392,2.0733535,0.12238351,-0.5509554603329733,0.3911055556348806,0.1433,0.0031,17.470756728893228,0.5907909082861945,
5389219306827558656,167.49304456892966,-42.43811094834109,RRab,0.3842192853085701,0.3062838,0.00215629,0.115930766,0.0017863013,0.027298195,0.002305509,4.074537,0.01566434,2.0394442,0.085037544,-0.5853394854625641,0.3658285319948948,0.1165,0.0018,15.18017305592952,0.6069116325046875,
4158916407243174784,271.92679568532674,-8.182436533141855,RRab,0.3845041556483333,0.2967177,0.022407072,0.12349505,0.025071237,0.0885415,0.029281132,4.023635,0.24115497,2.0642657,0.32817256,-0.5635883058482499,0.4753847892745624,1.225,0.0144,12.96700972563751,0.6257345833607091,
4163220170632550144,265.572323939776,-10.657406005414582,RRab,0.4355758821872991,0.2392096,0.0036299934,0.06474726,0.0026539294,0.022991074,0.003066984,4.6276016,0.060458314,2.5719745,0.14210008,-0.3697901161395099,0.4119024664770626,0.8374,0.0316,13.123837832519063,0.5814623446282965,
4516609461271871744,290.04269321311114,20.14959409548023,RRab,0.4466177503973108,0.18075852,0.005089313,0.0857272,0.0078128865,0.052589186,0.0070664976,4.639625,0.10216389,3.0630946,0.14740981,0.0305804092949247,0.4287397963580793,2.0781,0.0269,13.695571885397424,0.567981434366972,
4287126609863856896,282.17243953132265,8.78143372785857,RRab,0.4893572598719918,0.14915024,0.0068290504,0.054514054,0.0074289637,0.018764962,0.0072817756,4.5022054,0.18525843,3.2421765,0.39232507,-0.0382868822895549,0.5686480452471347,1.1031,0.0223,14.988085727041076,0.5952129479592373,
4144582181522729088,269.40156166021217,-17.40609456986709,RRab,0.4496291871738301,0.21313582,0.017205197,0.09018982,0.01666393,0.03524864,0.029405126,4.033362,0.22529565,2.9902651,0.527699,-0.0545927948147574,0.6495561883860241,1.1099,0.0077,15.992097582548132,0.6110745574385306,
524234950722731392,13.280563602974077,64.60092075149849,RRab,0.3902708643416421,0.24243519,0.0016215678,0.13024165,0.0021785712,0.07428996,0.0022418892,4.3300223,0.021165224,2.5190299,0.041362673,-0.1681151910961132,0.3888652830367147,1.4588,0.0241,8.560394453506913,0.5756624796602517,
6829850053432095488,324.1298848288476,-21.316093597259048,RRab,0.3907423543387753,0.29856372,0.0047031133,0.093779765,0.004206542,0.048223935,0.0037770004,3.7501616,0.057492334,1.108929,0.06650983,-1.496226806580203,0.3402369513041637,0.0454,0.0022,18.720610105842457,0.8238299798708281,
4493883213055163008,262.4039963173568,12.511738223975632,RRab,0.4593290413474454,0.18243675,0.0017140001,0.045208078,0.0012572426,0.015816944,0.0014952088,4.7642527,0.045205157,3.0839183,0.102877356,-0.0203929774783219,0.4305743419753186,0.159,0.0033,14.918850033693932,0.5628985362983236,
4318256640238617600,293.9186398463985,14.735996572103565,RRab,0.4476659045996606,0.17163447,0.0050463583,0.0706514,0.0050293235,0.038681645,0.005855422,4.6397004,0.06213394,3.3936772,0.17871822,0.3355107974718835,0.4828695293391998,1.4106,0.0708,14.128126376707872,0.6079800435366941,
6095789741111970688,213.29036762521469,-46.876604678872525,RRab,0.3924738988011086,0.31874087,0.002493066,0.13328907,0.0026548938,0.037143454,0.0028253498,4.1729636,0.028303271,2.2940037,0.09607067,-0.3918666603461526,0.3929743400356615,0.1342,0.0028,13.538638464896923,0.5745600585209673,
6580601281495301248,319.9300986656322,-41.20022246511151,RRab,0.4014713758857877,0.31476426,0.0024429127,0.11480664,0.002939798,0.021134924,0.002948623,4.203399,0.020317124,2.242988,0.15453623,-0.4897574161661214,0.4034320805582016,0.0328,0.0009,15.445182276526513,0.6025309792540579,
3453218031711360384,91.32131345980326,34.97018629575581,RRab,0.3784049222773776,0.29933783,0.019549917,0.13397951,0.022402324,0.06694815,0.017262958,4.189148,0.22531861,2.584056,0.38892746,-0.0411346786394458,0.5438964819987736,0.5827,0.0315,11.648728510019044,0.5881041050681285,
4295675729426099456,290.18365000620304,7.219941480976746,RRab,0.3992065396315352,0.2413795,0.014877231,0.13672955,0.015567804,0.08473984,0.021277009,4.1852026,0.14353874,2.279009,0.2324804,-0.4433278349550201,0.4272332822205994,1.2778,0.0667,12.601389993787407,0.6346756356351455,
6444624957663114112,302.75369456194704,-57.92781839107104,RRab,0.4931909528747603,0.1592073,0.0031538385,0.02370129,0.0017112145,0.015719106,0.0025645413,5.4085493,0.09845053,4.286356,0.164236,0.9219648515450796,0.525691901914419,0.0531,0.0012,14.974030241567377,0.6391637834991117,
441863319135966592,51.10800347058688,50.34868342362247,RRab,0.4455843857366374,0.12928462,0.0014579208,0.045046583,0.0016147248,0.0070216074,0.0014657073,4.385278,0.040855724,2.555097,0.25121638,-0.4412021608383373,0.4610141637023709,0.6073,0.0176,13.169116805034731,0.6048802137299689,
4278893814697984000,281.71374987087296,1.857677484013991,RRab,0.4674941552447687,0.15950437,0.0039922087,0.07685787,0.004996311,0.03606378,0.003535814,4.5702047,0.060521986,3.297029,0.15997872,0.1346146983915336,0.4795171161471855,2.4116,0.1037,7.81040328445037,0.6527377378893205,
4513072027475641344,287.1778643376846,16.251448788104998,RRab,0.3754916303521137,0.287138,0.018109513,0.12907131,0.017543923,0.092685886,0.021368144,4.01001,0.16226624,2.0515857,0.22624794,-0.5254879904542312,0.4252621230653788,0.9558,0.0168,12.257482837327183,0.6109005151769356,
2134556728450208512,284.98205276621644,53.21294534689154,RRab,0.4078206835649769,0.28605822,0.006882055,0.08264184,0.0046862094,0.02598324,0.0053102775,4.4012365,0.060823217,2.1717591,0.2851263,-0.5919512397856218,0.461313058686446,0.0646,0.0057,15.293630747139977,0.6216160849821452,
2019816264880038144,291.887932356032,23.929313332810835,RRab,0.3845792769989585,0.25965482,0.0041969037,0.14434181,0.0057337712,0.08252757,0.006582141,4.2852182,0.04548969,2.5004036,0.0892012,-0.1540356033442201,0.405107161114224,1.2804,0.0183,13.34498356893638,0.5837394147149018,
6854976028730083712,308.93671440374226,-22.860010810179663,RRab,0.3885788553759783,0.3104852,0.0041861217,0.121594876,0.0047428627,0.03420489,0.005906743,4.2177763,0.04419536,2.0852485,0.08981474,-0.5664790573366795,0.3812514511594488,0.0428,0.0006,12.31535333605427,0.6040546408302819,
2773033647409799680,1.283638080583438,17.59959713429896,RRab,0.3842980365235706,0.3029296,0.004465487,0.10864891,0.0054873275,0.03776975,0.0057551437,3.8490505,0.028893866,2.0180075,0.13481438,-0.6059270527058168,0.3849869405745915,0.0283,0.0006,15.036663774757628,0.6175605049171481,
5952144903547268992,262.85001896707246,-46.03915800382093,RRab,0.5149023096764866,0.103520386,0.003142668,0.026348323,0.0021772636,0.009517137,0.0032635361,4.6269307,0.11151185,3.1019945,0.18749359,-0.3118329887045007,0.4782126184232108,0.2976,0.0068,14.86715563683726,0.6009901815326464,
1645452720431944832,227.10585054931812,67.15822985212698,RRab,0.3899863696511609,0.32453892,0.008600716,0.13115035,0.010749882,0.045705333,0.007127471,3.8791995,0.04572494,1.8182616,0.17037165,-0.8252584475639427,0.3900026816338417,0.0331,0.0003,18.438530765317903,0.6530912840118774,
4545867847936870528,256.6140307364751,15.106784281705014,RRab,0.3758672301439721,0.304555,0.0014446283,0.123203576,0.0019423714,0.027659077,0.0018769779,4.178229,0.018219713,2.196715,0.06472427,-0.3911510272990454,0.3819107944257332,0.134,0.0063,15.296848287643732,0.5721117990909675,
5829256126688082944,242.7601148112376,-62.67511169429174,RRab,0.4501994610908109,0.17124821,0.0013710994,0.043941673,0.0016712467,0.015102497,0.0012173002,4.7385626,0.044084202,3.0144157,0.13310707,-0.035056251054001,0.4453734064109874,0.1722,0.0112,15.40529755029512,0.5655361024517412,
1307295140467073024,251.63560078300668,26.86839182317036,RRab,0.4282560901720717,0.2669052,0.0023674166,0.08247387,0.0035915452,0.03026179,0.0029018382,4.4421406,0.035135496,2.2820792,0.09004318,-0.6016668524549978,0.3859005390603809,0.1022,0.0065,15.4367485186874,0.6199817043675154,
6608604296467384320,340.44057043632915,-28.810766099842446,RRab,0.4063553408092596,0.2913303,0.006839283,0.09033579,0.0076008807,0.04187666,0.014142602,4.4213,0.13989528,2.1209981,0.17033167,-0.6315339274913908,0.3984577012527735,0.0187,0.0003,17.684125299697588,0.6169453124669658,
6776265083671861632,319.53989239647234,-36.70463492886597,RRab,0.4119899059732009,0.26156232,0.0038782074,0.08650465,0.0036410121,0.028610509,0.00484829,4.2080917,0.06375832,1.9168419,0.17489645,-0.8547125921512649,0.4097748213528607,0.0546,0.0033,18.00254592580235,0.6621667028179394,
1825849597507581952,296.4135364074455,20.800454152049635,RRab,0.3932424737931124,0.25086787,0.017496128,0.14302972,0.015328371,0.09470514,0.024927912,4.231727,0.15273353,2.5854342,0.26318774,-0.1221875815517735,0.4709363918057382,1.6432,0.0714,13.833169322834497,0.6075657188662533,
6287034219501181568,208.27222965559085,-24.41653962034261,RRab,0.3990566322263795,0.27930644,0.0060886047,0.09522241,0.0046206797,0.01533759,0.004445881,4.3266563,0.0730682,2.2647545,0.1839477,-0.4558950788564061,0.4219227301754659,0.0744,0.0013,15.861450222079796,0.6008601814042606,
5954616227672351360,268.3250653319789,-45.3045908204774,RRab,0.4140622262205657,0.19602184,0.0055638924,0.02472882,0.0066668396,0.018803596,0.0065341988,4.448258,0.28727567,3.2265897,0.39426318,0.36494896247586,0.5676800229794681,0.1971,0.0095,14.48761469050676,0.5984880061149417,
4313335741557195008,285.5567510208774,11.036456565832207,RRab,0.3891484324695707,0.29181293,0.024475869,0.12681301,0.019501928,0.0728357,0.0167666,4.1212726,0.14262487,2.1798844,0.2091039,-0.4806824642061172,0.4184191907383192,1.2905,0.0851,15.677669089977716,0.6405268536687175,
6593150901056382080,326.12629323839303,-30.98886542913236,RRab,0.440252303674192,0.20797184,0.0024904695,0.05154398,0.0027876815,0.01911971,0.0024326986,4.50262,0.043864623,2.4511414,0.12829208,-0.5093273693917654,0.4152804457374812,0.0347,0.001,15.570337463429691,0.6020424704061093,
1983865911085706368,342.46863256613307,45.60740407284007,RRab,0.3634753874883185,0.32471427,0.01324957,0.15909603,0.010690899,0.07819812,0.011302887,4.054766,0.0698762,2.088296,0.16795586,-0.4242901605601673,0.3926118221342531,0.2972,0.0078,13.026288044956848,0.5808259285066784,
6455861691621090048,309.89205124517264,-58.23849886817817,RRab,0.4859014791471313,0.16477689,0.003592314,0.037640426,0.003565607,0.015421849,0.0041424,4.834954,0.09121126,3.255193,0.249205,-0.0068717892665789,0.5017668263649856,0.0718,0.0009,15.573155300994642,0.5831684891385099,
6002782911525367296,233.99223942378524,-41.02447547318972,RRab,0.3968355634361555,0.2910883,0.010447127,0.11762012,0.015031359,0.06425541,0.016510999,4.1116085,0.1101631,2.1990604,0.2630639,-0.5053206010706631,0.443846287539086,0.2159,0.0085,13.909980368299784,0.6108732227997472,
169789235561764992,62.76977880467323,32.86990722420046,RRab,0.4509541650239638,0.13412565,0.004678078,0.04726163,0.0049679517,0.024451042,0.0040987455,4.559266,0.08907578,2.815134,0.21190749,-0.2265696558829993,0.4545758273663613,0.2834,0.0095,11.61953610364724,0.5893730250055914,
2167480225458147200,310.4028114763861,47.89479401814811,RRab,0.3676667531145294,0.27569446,0.016437408,0.14583014,0.013063913,0.08564022,0.021479364,4.083626,0.06869706,2.3903055,0.16897391,-0.163663309785638,0.4087470520846704,2.3278,0.0982,12.537771926739978,0.6140426816036663,
5842361343219035008,183.27597103988444,-72.95066041409484,RRab,0.3927267183392868,0.29107714,0.008798667,0.114711136,0.0075589535,0.019952739,0.01069509,4.334438,0.07971428,2.7553573,0.349372,0.040402575216958,0.503360381354473,0.4374,0.0359,17.138281878939253,0.5896508468024406,
6199251654981982976,228.49074534319115,-37.94452868350203,RRab,0.3358597372670262,0.31865513,0.0068031736,0.12335178,0.006575247,0.040116183,0.0070328866,3.8818445,0.061229732,2.2153275,0.16927062,-0.1516136918319958,0.4025922015233986,0.1092,0.0012,14.36719613371296,0.5650505895252809,
5798974275101308032,228.3882947314073,-70.4839675249116,RRab,0.4904849412537199,0.14816724,0.0009829628,0.051748782,0.0010951773,0.01876122,0.0013613902,4.4200473,0.017360847,2.8101425,0.06739627,-0.4506574739581451,0.4372902696618786,0.1005,0.0024,13.09020109270828,0.5987339587169732,
4215196460417213056,291.90763239228966,-1.0307299190029793,RRab,0.3286874165973429,0.36529115,0.0031623929,0.1697876,0.0027475075,0.08631162,0.00410536,4.0473547,0.02200184,1.819197,0.03308881,-0.4841699821152533,0.342979145203374,0.2876,0.0055,12.09237899499227,0.5901169178620466,
2162412889912084864,316.6066930392114,44.67219410128223,RRab,0.3377580211550363,0.2924884,0.013665878,0.15881513,0.011947825,0.08810896,0.018179098,4.2662797,0.12270981,2.3324676,0.22425078,-0.0520374734104512,0.431094527574532,1.195,0.0453,11.609561992554926,0.572636530827264,
6089575507553374336,213.57293655631585,-51.829800622070586,RRab,0.4469948887608218,0.1931221,0.0032687488,0.08709769,0.004937544,0.047966275,0.0067301095,4.385427,0.0573155,2.8601089,0.08296254,-0.1623192666225609,0.4155319167315798,0.5152,0.0151,12.083181194654316,0.5610364367983601,
4513709293198787328,288.59759183400865,17.893440967381615,RRab,0.4278004028540165,0.18079586,0.0053444686,0.092827186,0.008033777,0.050809506,0.009279314,4.5226126,0.07191726,3.0425642,0.10841763,0.1157181121602085,0.4297495652280434,2.0427,0.0533,11.56836172859514,0.587956098259729,
4386957420944462976,258.8939704353431,1.6146779334391916,RRab,0.4652176099375673,0.15896115,0.0023099245,0.040733006,0.0027475974,0.012923092,0.0022031593,4.685547,0.0654273,3.113553,0.19954415,-0.0252179151534982,0.471567933682498,0.1832,0.0059,16.01986481624298,0.5758182815027487,
2178583987231435392,325.721434040793,58.34195941534923,RRab,0.3722713002195636,0.16819699,0.0038400164,0.080884226,0.0037798553,0.048716016,0.0033755833,4.1771426,0.046210494,2.473366,0.09263617,-0.1111416762185782,0.3885188797107787,1.8474,0.2839,12.354126269341204,0.915682049716354,
2031606293707565824,295.4865982906507,29.399533675554675,RRab,0.45886522867862,0.18726765,0.0021814292,0.08264481,0.0020814892,0.04300022,0.003085319,4.5133576,0.030206941,2.9306333,0.04958702,-0.1619067171663405,0.420125553826579,1.0736,0.0667,13.677121280806574,0.5986244526996432,
674694939356598528,117.37413605666453,22.623954598971142,RRab,0.4089085061701849,0.293094,0.0081079835,0.099609606,0.008427888,0.03781323,0.006389987,3.9848058,0.08810551,1.622863,0.2627775,-1.1139509892445263,0.4321815800203559,0.0603,0.0005,18.995731476988468,0.7162708278725526,
4321855440547580800,293.4452713625089,16.241324095533564,RRab,0.4178224806295866,0.19184257,0.0045823823,0.09422434,0.005141976,0.052750368,0.0046536257,4.5229697,0.07210248,2.8927622,0.109588176,0.0302817005057943,0.4346778958482616,2.6443,0.0627,10.820382323858375,0.5896930979058407,
1872873579530139776,313.46180023754005,39.3305842976574,RRab,0.3443484171738363,0.33572954,0.022746958,0.17638451,0.006929486,0.10474467,0.012360519,3.9709487,0.06716244,2.229535,0.1213342,-0.1853708153147918,0.3828499351452584,0.987,0.0515,13.50672582828814,0.5770695034347251,
4415977591544125440,234.2578123418396,-1.2188980780812788,RRab,0.3646213705561798,0.3233905,0.013061896,0.12192987,0.01142364,0.043695994,0.004328434,3.8240125,0.07182321,1.9646833,0.2141134,-0.5468463045867981,0.4101271237713962,0.1333,0.0024,14.321852165284303,0.5997625918228664,
5965778229210270336,258.31876212095426,-41.7655420413737,RRab,0.3578251866884469,0.21559784,0.030303085,0.14120333,0.021932496,0.085698545,0.028407272,3.9329247,0.30104282,2.2674022,0.49110535,-0.2245717181208805,0.5938443201566442,1.9351,0.158,14.385158481073846,0.7516622886281596,
2970194224213389824,84.73145556773517,-18.54364648246602,RRab,0.4034114629883047,0.2771444,0.0020258504,0.09980248,0.0023410744,0.020204652,0.0031519854,4.2382665,0.015305954,2.4375358,0.12022382,-0.3176499675850913,0.4106915178946805,0.0648,0.0012,14.561280190923824,0.5632890689531239,
529343689757418112,10.85140583349705,67.75203915669202,RRab,0.3493745728777803,0.3112565,0.013475001,0.1878888,0.021849584,0.11825818,0.016531115,3.9703543,0.083562605,1.8684428,0.1841948,-0.5526926474716808,0.3843752836587512,1.4506,0.0691,14.13141734129207,0.6418339108237124,
3822249554586789376,149.5240923532562,-4.579091660932291,RRab,0.3311975532140711,0.28869605,0.017464202,0.09739452,0.021034835,0.06101774,0.022063136,4.3312984,0.18438897,1.8110367,0.383443,-0.5057719223380946,0.5002801833134082,0.0245,0.0004,14.109501138254664,0.6160125651475948,
4307892746732038144,290.49659102861307,8.415587036817367,RRab,0.3245805848559389,0.30532515,0.014977078,0.14871426,0.013956967,0.06089828,0.013557593,4.206705,0.0855563,2.1301417,0.22371292,-0.1690890479504611,0.4198840679909992,1.0676,0.0258,12.82465533342613,0.5740183459636343,
4537291313647857408,278.7126664957988,26.5949104141914,RRab,0.3571553954916652,0.32191738,0.016460232,0.177573,0.0118747335,0.0852136,0.013077724,4.0503116,0.0522083,2.160665,0.11243827,-0.3211873449787418,0.382192700103618,0.1162,0.0037,11.807037256594048,0.5638359784060182,
1946304738456939264,328.8619347866048,32.75824441942056,RRab,0.4203206704369726,0.1980717,0.0013428194,0.092298344,0.0015834686,0.048884433,0.0015723236,4.3366275,0.016637266,2.6585128,0.038478922,-0.2037776889251977,0.3994105888925569,0.1149,0.0015,12.175358352899057,0.5683104153147868,
5932580498530393728,242.63994192097985,-54.5571208832538,RRab,0.4663349963443064,0.16918595,0.0016863059,0.06957672,0.0020861847,0.029601201,0.0023731787,4.446313,0.029173989,2.8196971,0.052209966,-0.3076439557109006,0.4176462856986654,1.5699,0.0748,9.579646907599052,0.6217108429542685,
4081034120298848256,289.388942605432,-21.76745342414688,RRab,0.3867247108803165,0.30822507,0.020296248,0.13269328,0.020403953,0.061612815,0.022931712,4.287832,0.20839326,2.321864,0.4092719,-0.3337699853857562,0.5410335243395739,0.1225,0.0061,12.55280059590801,0.60820648544032,
4320718652951546112,289.4070863259873,15.031251970851493,RRab,0.443211072960835,0.18107201,0.0050402153,0.09419144,0.005851823,0.060721558,0.0063807843,4.4913626,0.06430376,2.8809144,0.11029509,-0.1217619189326341,0.4257430516157974,3.0556,0.0432,9.834209737301135,0.5864113390984032,
4173750919346463104,271.65066961665866,-5.550615770866718,RRab,0.4251232518490024,0.24152963,0.013981634,0.10416493,0.014302932,0.040242996,0.010651599,4.44833,0.08507176,2.6331081,0.19843474,-0.2543124337619632,0.439351595741918,1.5303,0.0317,12.916552681453352,0.5892718820391761,
2223277279473185280,334.2356866589959,69.4523412022321,RRab,0.4053767525391223,0.2834779,0.015266736,0.106110975,0.015931442,0.072141826,0.017266775,3.929332,0.10070021,1.919677,0.21731903,-0.8153445965921288,0.4094983709191198,0.5424,0.0383,16.140789087045796,0.6611994217107454,
4669337020844465920,59.361533486726856,-66.52842735875875,RRab,0.4546444000103699,0.1731087,0.0042599747,0.053446658,0.005354153,0.021305786,0.0051287035,4.3365006,0.09127206,2.617299,0.16630112,-0.4330153600575527,0.4337410146282081,0.0579,0.0025,17.591444900816114,0.5920732711062366,
3278874447192970880,68.2296110181022,1.434737677304555,RRab,0.4078045574092976,0.26234663,0.0032047348,0.08809414,0.003140967,0.026051236,0.005304001,4.2873516,0.07042999,1.9206439,0.14902677,-0.8279100276216017,0.3855219607283057,0.0801,0.0021,17.04607720773405,0.6490676405226252,
3286723895062963840,66.61501303974342,7.170103986068321,RRab,0.42204815026176,0.18285564,0.008700079,0.022253703,0.010859111,0.021817487,0.016946232,4.16373,0.35674655,2.5590928,0.37706837,-0.3068200019527681,0.5320663735713068,0.1759,0.0027,18.35409120054678,0.6052061661864908,
5870126863683254912,204.62102783916544,-58.83048919445236,RRab,0.3823832816263102,0.3126371,0.018418632,0.13210978,0.013742821,0.07235205,0.015501602,4.176188,0.09237872,2.640841,0.28767452,-0.0098366730260214,0.4842146627141784,0.9485,0.0738,15.256682268447284,0.6027179074349888,
2029136653105094528,301.4257816881224,28.860290324819548,RRab,0.4252969480153228,0.17370574,0.00416924,0.092815794,0.0063252677,0.049780328,0.0041300044,4.5058823,0.08929488,3.1007245,0.14867169,0.1842829685149586,0.4507127277060251,3.2451,0.4372,9.747149168815811,1.2271289907830811,
1836387003407027712,302.8428534921666,26.475557456572123,RRab,0.396439608381629,0.24890636,0.0027902715,0.1363052,0.0031867006,0.077695705,0.0031783262,4.2766724,0.03289128,2.468837,0.060524788,-0.2495330465180408,0.3980627745968573,1.1134,0.0376,14.192551853025051,0.5778385370323367,
2667753450544543872,324.60185004719466,-6.705070493599609,RRab,0.3928602692458732,0.32968572,0.0035575998,0.12222812,0.006959387,0.049147766,0.0060233944,3.7793372,0.023559539,1.7740468,0.09164682,-0.8827705023145961,0.3698093057532883,0.0359,0.0013,16.043261340648087,0.67081823993657,
6750122648534747392,298.5080410861369,-30.252919579278664,RRab,0.4245030616398538,0.20918423,0.001657091,0.08077644,0.0016484717,0.03568952,0.0015078317,4.4097986,0.022120498,2.6051776,0.0538821,-0.2771250481011885,0.4006710152847733,0.1316,0.0033,8.926788413468332,0.576272169601586,
4270716574922266880,275.369782799809,-2.584711231027405,RRab,0.386622321037255,0.2768882,0.027431559,0.13140637,0.023881996,0.08593867,0.025494361,3.889919,0.23405387,1.636912,0.4515073,-0.9770566017567656,0.5448656583100187,1.9795,0.0609,10.797484848491893,0.7437307172180606,
1824431021398992896,295.8164877303845,18.88445748634763,RRab,0.492320017378947,0.13513799,0.0043800315,0.05324368,0.005482159,0.031081473,0.006093983,4.510342,0.08375719,2.8597808,0.18241778,-0.4141821444531558,0.4529285787940695,1.1675,0.023,13.966271000446886,0.5985266799704632,
4311977088822282496,283.67780419751654,10.850964677923193,RRab,0.3931185607777544,0.30975184,0.013762098,0.12121888,0.01754934,0.07383394,0.024641462,3.9476469,0.10359288,2.1717787,0.2834344,-0.5103360343165372,0.4610288505354745,0.7983,0.0088,14.049281289608633,0.6107567618694918,
6109120799902812928,207.6737529508036,-42.24301438449478,RRab,0.3326378934790051,0.32542756,0.018700128,0.11959173,0.022635603,0.079317644,0.021917712,4.319027,0.14710972,2.354465,0.3010801,-0.0029432088084785,0.4722163328061504,0.0947,0.0008,11.587647898466374,0.5711014292948573,
468529087451089024,61.66217950674238,55.49986578136859,RRab,0.3687147939797252,0.30639338,0.018035108,0.12539294,0.018770056,0.05835665,0.016138528,3.8050437,0.16117975,1.4641503,0.27299017,-1.0400658245874743,0.4442470692072702,1.1172,0.0461,8.155302230884494,0.7111970126419732,
2218658441580455168,333.3888994580295,65.45558423229427,RRab,0.4299218030840404,0.18871772,0.0076127257,0.10303887,0.0131106265,0.07202993,0.0115998145,4.4621124,0.09083941,2.585538,0.20926706,-0.3256602871164239,0.437792782083909,0.8621,0.0974,11.541636280392598,0.6302098924471485,
5910595213772991360,264.7874590858192,-62.06761206081853,RRab,0.3603175035541487,0.31653672,0.0036023615,0.11677318,0.004339899,0.0422213,0.0028080826,3.8621566,0.029071197,1.8495871,0.08393918,-0.6311502707255255,0.3666759677471937,0.0727,0.0009,17.033190875803147,0.6284345174237762,
4321380765058579584,293.60664303759893,15.50764980163212,RRab,0.401548121086351,0.24967822,0.019964926,0.13915087,0.020967273,0.07488155,0.015959501,4.1678085,0.15991695,2.5955365,0.22406481,-0.1587877620292482,0.4416568798105961,1.7989,0.0518,13.65180817336819,0.5878848998191886,
3578914334141083648,190.29928175022584,-9.41816183708919,RRab,0.4703010452855196,0.21372665,0.0016010705,0.04102862,0.0014129835,0.018714145,0.0020556683,4.8086576,0.062344916,2.7744427,0.13625243,-0.3721946633346337,0.4285282085563706,0.032,0.0011,15.2997545057337,0.5857236934144574,
6899992165073132032,309.60943798491235,-12.680122416871644,RRab,0.3738363880204889,0.23728341,0.007829314,0.035236947,0.0069485134,0.019976223,0.008543972,4.009621,0.22546738,3.4063406,0.3442339,0.7571682104862864,0.5328921361670731,0.0429,0.0007,17.76963050106384,0.6297706256689461,
1820321626702667136,298.61334657857253,16.658934171333602,RRab,0.4121582574709974,0.25308,0.004627334,0.0889725,0.0058528353,0.03219846,0.0047588353,4.17389,0.03482199,1.8803642,0.13303207,-0.8899359809640354,0.3876754243254605,0.3581,0.0091,16.864065474669932,0.674118679440731,
6066373303970045056,196.47908221853595,-56.955405216315,RRab,0.3611437145166408,0.296783,0.006346669,0.11389238,0.006851598,0.042332783,0.005973574,4.032467,0.041504033,2.0584068,0.1155031,-0.4394452235673561,0.3840231738702512,0.3676,0.0081,11.24955406259886,0.5999848914933212,
2086238135914133504,300.111901796673,48.99378268498906,RRab,0.360016814123462,0.3303042,0.013736709,0.15476358,0.008959025,0.06468752,0.008890742,4.034981,0.0651338,1.9158455,0.16760261,-0.5671985483852139,0.3892535011421268,0.2304,0.0057,11.56350319354786,0.6090447339917912,
5516381919694215040,125.87183404214235,-47.70722897583307,RRab,0.3382297402635317,0.24754006,0.009174607,0.14215395,0.008335574,0.08092769,0.008133986,4.1941786,0.070919536,2.475219,0.11692864,0.0795308015373993,0.3921825271279303,1.0451,0.0342,12.77909677556953,0.5730376716787293,
2019135289200635392,290.59147789400794,22.278017088792623,RRab,0.4106401057997753,0.2359869,0.015434245,0.1057857,0.013110032,0.045285337,0.012841825,4.3139787,0.1281606,2.2614934,0.25521305,-0.5232487911887528,0.4599151543855443,1.5018,0.0311,12.10520286153285,0.6220219828775883,
4150261983734640512,270.8281891910935,-13.33054388897804,RRab,0.4471047451053948,0.16316803,0.027849272,0.08793333,0.03164678,0.04516188,0.031600516,3.4983923,0.31933755,1.6696215,0.71714944,-1.281987125334941,0.7490946836708058,1.4916,0.0209,15.877162795093785,0.8382875488765044,
5877339698653582464,221.2282978253364,-62.60440105532412,RRab,0.4935671660912308,0.10594687,0.014452852,0.06172075,0.015476054,0.049598828,0.018608013,3.9169834,0.36427513,1.266057,0.4132313,-1.919204191806331,0.5393136825585974,1.6073,0.0675,16.004043373705773,0.9607612056421564,
